ReviewID,OrderID,ProductID,ReviewScore,ReviewText
REV-ORD-003860,ORD-003860,PROD-0189,4,Great product!
REV-ORD-000529,ORD-000529,PROD-0165,3,Average quality.
REV-ORD-000454,ORD-000454,PROD-0039,5,Fast shipping and good value.
REV-ORD-003007,ORD-003007,PROD-0091,3,Nothing special.
REV-ORD-002306,ORD-002306,PROD-0080,3,Average quality.
REV-ORD-000846,ORD-000846,PROD-0196,3,Average quality.
REV-ORD-002444,ORD-002444,PROD-0090,5,Fast shipping and good value.
REV-ORD-004850,ORD-004850,PROD-0046,1,Poor quality.
REV-ORD-003555,ORD-003555,PROD-0012,1,Do not buy.
REV-ORD-003079,ORD-003079,PROD-0095,4,Highly recommend.
REV-ORD-002483,ORD-002483,PROD-0100,4,Highly recommend.
REV-ORD-002930,ORD-002930,PROD-0148,4,Fast shipping and good value.
REV-ORD-003252,ORD-003252,PROD-0163,3,Average quality.
REV-ORD-003933,ORD-003933,PROD-0159,4,Fast shipping and good value.
REV-ORD-001180,ORD-001180,PROD-0171,2,Poor quality.
REV-ORD-001646,ORD-001646,PROD-0043,3,Average quality.
REV-ORD-003261,ORD-003261,PROD-0163,5,Highly recommend.
REV-ORD-001146,ORD-001146,PROD-0198,5,Highly recommend.
REV-ORD-002277,ORD-002277,PROD-0145,3,Met expectations.
REV-ORD-004365,ORD-004365,PROD-0022,4,Excellent quality.
REV-ORD-003972,ORD-003972,PROD-0094,4,Great product!
REV-ORD-001331,ORD-001331,PROD-0163,3,Met expectations.
REV-ORD-004525,ORD-004525,PROD-0067,4,Excellent quality.
REV-ORD-000504,ORD-000504,PROD-0041,1,Terrible customer service.
REV-ORD-004776,ORD-004776,PROD-0187,4,Excellent quality.
REV-ORD-001223,ORD-001223,PROD-0005,3,It's okay.
REV-ORD-001204,ORD-001204,PROD-0020,3,Nothing special.
REV-ORD-004393,ORD-004393,PROD-0112,1,Poor quality.
REV-ORD-001637,ORD-001637,PROD-0095,3,Met expectations.
REV-ORD-003339,ORD-003339,PROD-0036,3,Average quality.
REV-ORD-001043,ORD-001043,PROD-0137,3,It's okay.
REV-ORD-003196,ORD-003196,PROD-0128,1,Arrived broken.
REV-ORD-001511,ORD-001511,PROD-0020,3,Nothing special.
REV-ORD-002619,ORD-002619,PROD-0030,1,Arrived broken.
REV-ORD-001834,ORD-001834,PROD-0168,3,Met expectations.
REV-ORD-000809,ORD-000809,PROD-0076,3,Nothing special.
REV-ORD-001356,ORD-001356,PROD-0127,1,Arrived broken.
REV-ORD-001802,ORD-001802,PROD-0194,2,Do not buy.
REV-ORD-003504,ORD-003504,PROD-0079,2,Terrible customer service.
REV-ORD-002613,ORD-002613,PROD-0095,4,Excellent quality.
REV-ORD-003995,ORD-003995,PROD-0166,3,It's okay.
REV-ORD-001580,ORD-001580,PROD-0059,5,Highly recommend.
REV-ORD-002121,ORD-002121,PROD-0077,5,Fast shipping and good value.
REV-ORD-004108,ORD-004108,PROD-0176,5,Fast shipping and good value.
REV-ORD-004758,ORD-004758,PROD-0010,4,Great product!
REV-ORD-000506,ORD-000506,PROD-0081,5,Highly recommend.
REV-ORD-002057,ORD-002057,PROD-0087,2,Arrived broken.
REV-ORD-001827,ORD-001827,PROD-0001,5,Fast shipping and good value.
REV-ORD-003975,ORD-003975,PROD-0143,5,Highly recommend.
REV-ORD-000730,ORD-000730,PROD-0030,3,Nothing special.
REV-ORD-003735,ORD-003735,PROD-0165,2,Arrived broken.
REV-ORD-001914,ORD-001914,PROD-0120,2,Poor quality.
REV-ORD-003506,ORD-003506,PROD-0162,4,Fast shipping and good value.
REV-ORD-001799,ORD-001799,PROD-0139,4,Fast shipping and good value.
REV-ORD-004646,ORD-004646,PROD-0133,3,It's okay.
REV-ORD-002193,ORD-002193,PROD-0131,3,Nothing special.
REV-ORD-004490,ORD-004490,PROD-0185,5,Excellent quality.
REV-ORD-002286,ORD-002286,PROD-0070,5,Highly recommend.
REV-ORD-002637,ORD-002637,PROD-0161,5,Great product!
REV-ORD-001330,ORD-001330,PROD-0012,5,Fast shipping and good value.
REV-ORD-002640,ORD-002640,PROD-0040,5,Excellent quality.
REV-ORD-004336,ORD-004336,PROD-0003,5,Fast shipping and good value.
REV-ORD-003077,ORD-003077,PROD-0046,3,It's okay.
REV-ORD-002941,ORD-002941,PROD-0175,4,Highly recommend.
REV-ORD-000868,ORD-000868,PROD-0055,3,It's okay.
REV-ORD-003071,ORD-003071,PROD-0123,3,It's okay.
REV-ORD-000372,ORD-000372,PROD-0063,5,Fast shipping and good value.
REV-ORD-003476,ORD-003476,PROD-0196,4,Highly recommend.
REV-ORD-001042,ORD-001042,PROD-0128,3,Average quality.
REV-ORD-000645,ORD-000645,PROD-0189,5,Great product!
REV-ORD-004741,ORD-004741,PROD-0156,3,Nothing special.
REV-ORD-001195,ORD-001195,PROD-0180,5,Highly recommend.
REV-ORD-004370,ORD-004370,PROD-0105,4,Great product!
REV-ORD-004413,ORD-004413,PROD-0111,3,Nothing special.
REV-ORD-002337,ORD-002337,PROD-0166,5,Highly recommend.
REV-ORD-002323,ORD-002323,PROD-0162,3,Met expectations.
REV-ORD-004463,ORD-004463,PROD-0064,2,Do not buy.
REV-ORD-003033,ORD-003033,PROD-0051,4,Great product!
REV-ORD-000532,ORD-000532,PROD-0052,2,Arrived broken.
REV-ORD-003327,ORD-003327,PROD-0169,3,It's okay.
REV-ORD-000463,ORD-000463,PROD-0177,3,Nothing special.
REV-ORD-002469,ORD-002469,PROD-0189,3,Nothing special.
REV-ORD-002305,ORD-002305,PROD-0130,3,Met expectations.
REV-ORD-000452,ORD-000452,PROD-0158,3,Average quality.
REV-ORD-000222,ORD-000222,PROD-0031,3,Met expectations.
REV-ORD-000167,ORD-000167,PROD-0171,5,Fast shipping and good value.
REV-ORD-000558,ORD-000558,PROD-0159,3,Nothing special.
REV-ORD-001998,ORD-001998,PROD-0056,3,It's okay.
REV-ORD-000542,ORD-000542,PROD-0056,3,It's okay.
REV-ORD-001112,ORD-001112,PROD-0082,4,Highly recommend.
REV-ORD-001384,ORD-001384,PROD-0061,2,Do not buy.
REV-ORD-001285,ORD-001285,PROD-0103,2,Poor quality.
REV-ORD-000560,ORD-000560,PROD-0169,4,Highly recommend.
REV-ORD-001629,ORD-001629,PROD-0191,4,Fast shipping and good value.
REV-ORD-003837,ORD-003837,PROD-0129,2,Poor quality.
REV-ORD-000289,ORD-000289,PROD-0137,4,Fast shipping and good value.
REV-ORD-002890,ORD-002890,PROD-0003,2,Poor quality.
REV-ORD-000313,ORD-000313,PROD-0130,4,Highly recommend.
REV-ORD-000676,ORD-000676,PROD-0116,1,Poor quality.
REV-ORD-002769,ORD-002769,PROD-0048,3,It's okay.
REV-ORD-004037,ORD-004037,PROD-0134,2,Poor quality.
REV-ORD-000552,ORD-000552,PROD-0120,4,Excellent quality.
REV-ORD-004449,ORD-004449,PROD-0110,5,Great product!
REV-ORD-002322,ORD-002322,PROD-0139,3,Nothing special.
REV-ORD-000098,ORD-000098,PROD-0034,5,Fast shipping and good value.
REV-ORD-004311,ORD-004311,PROD-0108,1,Terrible customer service.
REV-ORD-004880,ORD-004880,PROD-0168,4,Excellent quality.
REV-ORD-003211,ORD-003211,PROD-0119,4,Excellent quality.
REV-ORD-004659,ORD-004659,PROD-0193,2,Terrible customer service.
REV-ORD-001240,ORD-001240,PROD-0021,5,Excellent quality.
REV-ORD-003885,ORD-003885,PROD-0126,4,Great product!
REV-ORD-004403,ORD-004403,PROD-0154,3,Nothing special.
REV-ORD-003323,ORD-003323,PROD-0010,3,Average quality.
REV-ORD-002435,ORD-002435,PROD-0152,3,It's okay.
REV-ORD-004653,ORD-004653,PROD-0188,1,Terrible customer service.
REV-ORD-001268,ORD-001268,PROD-0079,3,It's okay.
REV-ORD-001457,ORD-001457,PROD-0030,3,Nothing special.
REV-ORD-001516,ORD-001516,PROD-0139,3,It's okay.
REV-ORD-004121,ORD-004121,PROD-0014,5,Great product!
REV-ORD-000259,ORD-000259,PROD-0187,4,Fast shipping and good value.
REV-ORD-001507,ORD-001507,PROD-0177,1,Terrible customer service.
REV-ORD-003062,ORD-003062,PROD-0174,4,Highly recommend.
REV-ORD-003849,ORD-003849,PROD-0195,5,Excellent quality.
REV-ORD-004453,ORD-004453,PROD-0034,3,It's okay.
REV-ORD-002842,ORD-002842,PROD-0103,3,Nothing special.
REV-ORD-000178,ORD-000178,PROD-0136,3,Met expectations.
REV-ORD-001960,ORD-001960,PROD-0066,2,Poor quality.
REV-ORD-001971,ORD-001971,PROD-0012,4,Highly recommend.
REV-ORD-001838,ORD-001838,PROD-0025,4,Excellent quality.
REV-ORD-004484,ORD-004484,PROD-0139,5,Great product!
REV-ORD-002548,ORD-002548,PROD-0171,2,Do not buy.
REV-ORD-000493,ORD-000493,PROD-0086,1,Arrived broken.
REV-ORD-002734,ORD-002734,PROD-0102,4,Highly recommend.
REV-ORD-001626,ORD-001626,PROD-0181,4,Fast shipping and good value.
REV-ORD-000714,ORD-000714,PROD-0196,3,Nothing special.
REV-ORD-001134,ORD-001134,PROD-0068,5,Excellent quality.
REV-ORD-003082,ORD-003082,PROD-0184,5,Fast shipping and good value.
REV-ORD-004535,ORD-004535,PROD-0075,4,Fast shipping and good value.
REV-ORD-001371,ORD-001371,PROD-0098,5,Great product!
REV-ORD-004249,ORD-004249,PROD-0049,3,It's okay.
REV-ORD-002091,ORD-002091,PROD-0144,3,Average quality.
REV-ORD-001239,ORD-001239,PROD-0004,4,Great product!
REV-ORD-002451,ORD-002451,PROD-0053,3,It's okay.
REV-ORD-004866,ORD-004866,PROD-0023,5,Highly recommend.
REV-ORD-002475,ORD-002475,PROD-0128,3,It's okay.
REV-ORD-001141,ORD-001141,PROD-0075,3,It's okay.
REV-ORD-003101,ORD-003101,PROD-0011,3,Average quality.
REV-ORD-004245,ORD-004245,PROD-0072,2,Arrived broken.
REV-ORD-001455,ORD-001455,PROD-0113,3,Met expectations.
REV-ORD-001026,ORD-001026,PROD-0099,4,Highly recommend.
REV-ORD-000950,ORD-000950,PROD-0101,3,Average quality.
REV-ORD-000159,ORD-000159,PROD-0127,3,Average quality.
REV-ORD-004890,ORD-004890,PROD-0094,3,Met expectations.
REV-ORD-002834,ORD-002834,PROD-0081,2,Poor quality.
REV-ORD-003095,ORD-003095,PROD-0058,4,Great product!
REV-ORD-002190,ORD-002190,PROD-0148,3,Met expectations.
REV-ORD-002285,ORD-002285,PROD-0048,1,Do not buy.
REV-ORD-003305,ORD-003305,PROD-0119,5,Fast shipping and good value.
REV-ORD-000553,ORD-000553,PROD-0037,5,Excellent quality.
REV-ORD-002343,ORD-002343,PROD-0078,3,Met expectations.
REV-ORD-004103,ORD-004103,PROD-0009,3,Average quality.
REV-ORD-000498,ORD-000498,PROD-0078,3,It's okay.
REV-ORD-001048,ORD-001048,PROD-0027,2,Poor quality.
REV-ORD-001628,ORD-001628,PROD-0176,5,Fast shipping and good value.
REV-ORD-001492,ORD-001492,PROD-0112,3,Met expectations.
REV-ORD-000283,ORD-000283,PROD-0093,3,Nothing special.
REV-ORD-004648,ORD-004648,PROD-0097,4,Excellent quality.
REV-ORD-002158,ORD-002158,PROD-0164,3,Average quality.
REV-ORD-000993,ORD-000993,PROD-0183,3,It's okay.
REV-ORD-003169,ORD-003169,PROD-0166,1,Terrible customer service.
REV-ORD-000677,ORD-000677,PROD-0012,5,Great product!
REV-ORD-001074,ORD-001074,PROD-0100,2,Terrible customer service.
REV-ORD-000982,ORD-000982,PROD-0190,3,Average quality.
REV-ORD-002189,ORD-002189,PROD-0189,3,Met expectations.
REV-ORD-002050,ORD-002050,PROD-0058,3,It's okay.
REV-ORD-000492,ORD-000492,PROD-0013,5,Highly recommend.
REV-ORD-000331,ORD-000331,PROD-0178,3,Nothing special.
REV-ORD-004265,ORD-004265,PROD-0029,2,Do not buy.
REV-ORD-000643,ORD-000643,PROD-0013,3,Average quality.
REV-ORD-000921,ORD-000921,PROD-0172,5,Fast shipping and good value.
REV-ORD-003765,ORD-003765,PROD-0088,3,It's okay.
REV-ORD-004215,ORD-004215,PROD-0129,3,Nothing special.
REV-ORD-004531,ORD-004531,PROD-0144,2,Arrived broken.
REV-ORD-000709,ORD-000709,PROD-0054,2,Poor quality.
REV-ORD-004504,ORD-004504,PROD-0158,3,Average quality.
REV-ORD-000268,ORD-000268,PROD-0163,5,Highly recommend.
REV-ORD-002362,ORD-002362,PROD-0119,3,It's okay.
REV-ORD-004699,ORD-004699,PROD-0120,3,Nothing special.
REV-ORD-002512,ORD-002512,PROD-0068,3,Met expectations.
REV-ORD-004847,ORD-004847,PROD-0016,3,Met expectations.
REV-ORD-001763,ORD-001763,PROD-0114,5,Great product!
REV-ORD-001757,ORD-001757,PROD-0001,5,Fast shipping and good value.
REV-ORD-004153,ORD-004153,PROD-0132,5,Great product!
REV-ORD-004845,ORD-004845,PROD-0041,1,Do not buy.
REV-ORD-003317,ORD-003317,PROD-0054,3,Nothing special.
REV-ORD-004517,ORD-004517,PROD-0197,5,Highly recommend.
REV-ORD-001986,ORD-001986,PROD-0109,4,Excellent quality.
REV-ORD-001251,ORD-001251,PROD-0164,5,Fast shipping and good value.
REV-ORD-001306,ORD-001306,PROD-0132,3,Met expectations.
REV-ORD-000830,ORD-000830,PROD-0045,2,Arrived broken.
REV-ORD-003496,ORD-003496,PROD-0119,1,Arrived broken.
REV-ORD-001351,ORD-001351,PROD-0160,4,Fast shipping and good value.
REV-ORD-003501,ORD-003501,PROD-0138,3,Met expectations.
REV-ORD-001059,ORD-001059,PROD-0087,3,Met expectations.
REV-ORD-004973,ORD-004973,PROD-0054,3,Nothing special.
REV-ORD-003613,ORD-003613,PROD-0140,5,Great product!
REV-ORD-004441,ORD-004441,PROD-0171,3,It's okay.
REV-ORD-000226,ORD-000226,PROD-0158,5,Highly recommend.
REV-ORD-003884,ORD-003884,PROD-0093,2,Do not buy.
REV-ORD-002895,ORD-002895,PROD-0129,5,Great product!
REV-ORD-002540,ORD-002540,PROD-0035,3,It's okay.
REV-ORD-000116,ORD-000116,PROD-0048,4,Fast shipping and good value.
REV-ORD-002421,ORD-002421,PROD-0011,3,Nothing special.
REV-ORD-003326,ORD-003326,PROD-0062,5,Fast shipping and good value.
REV-ORD-004093,ORD-004093,PROD-0090,3,Average quality.
REV-ORD-000200,ORD-000200,PROD-0089,5,Highly recommend.
REV-ORD-004979,ORD-004979,PROD-0148,5,Fast shipping and good value.
REV-ORD-000625,ORD-000625,PROD-0045,3,Nothing special.
REV-ORD-003603,ORD-003603,PROD-0016,3,Nothing special.
REV-ORD-000689,ORD-000689,PROD-0042,3,Average quality.
REV-ORD-001077,ORD-001077,PROD-0032,3,Met expectations.
REV-ORD-000930,ORD-000930,PROD-0038,3,It's okay.
REV-ORD-002886,ORD-002886,PROD-0152,3,It's okay.
REV-ORD-002926,ORD-002926,PROD-0142,3,Average quality.
REV-ORD-000835,ORD-000835,PROD-0066,1,Terrible customer service.
REV-ORD-004909,ORD-004909,PROD-0006,3,Nothing special.
REV-ORD-002808,ORD-002808,PROD-0119,4,Fast shipping and good value.
REV-ORD-003256,ORD-003256,PROD-0041,4,Great product!
REV-ORD-000219,ORD-000219,PROD-0163,4,Highly recommend.
REV-ORD-000095,ORD-000095,PROD-0045,3,It's okay.
REV-ORD-000487,ORD-000487,PROD-0159,5,Excellent quality.
REV-ORD-003209,ORD-003209,PROD-0024,5,Fast shipping and good value.
REV-ORD-003741,ORD-003741,PROD-0168,5,Great product!
REV-ORD-004219,ORD-004219,PROD-0171,3,It's okay.
REV-ORD-003774,ORD-003774,PROD-0101,4,Excellent quality.
REV-ORD-004895,ORD-004895,PROD-0145,2,Terrible customer service.
REV-ORD-000574,ORD-000574,PROD-0107,3,Met expectations.
REV-ORD-002807,ORD-002807,PROD-0131,1,Poor quality.
REV-ORD-004949,ORD-004949,PROD-0019,4,Highly recommend.
REV-ORD-002149,ORD-002149,PROD-0164,3,Met expectations.
REV-ORD-004004,ORD-004004,PROD-0017,1,Terrible customer service.
REV-ORD-002844,ORD-002844,PROD-0075,4,Great product!
REV-ORD-000718,ORD-000718,PROD-0167,5,Highly recommend.
REV-ORD-000594,ORD-000594,PROD-0128,5,Fast shipping and good value.
REV-ORD-004255,ORD-004255,PROD-0035,4,Fast shipping and good value.
REV-ORD-004752,ORD-004752,PROD-0049,3,It's okay.
REV-ORD-003124,ORD-003124,PROD-0046,3,It's okay.
REV-ORD-004051,ORD-004051,PROD-0148,4,Fast shipping and good value.
REV-ORD-001913,ORD-001913,PROD-0018,5,Great product!
REV-ORD-004285,ORD-004285,PROD-0079,4,Great product!
REV-ORD-001519,ORD-001519,PROD-0186,3,Met expectations.
REV-ORD-004645,ORD-004645,PROD-0072,3,Nothing special.
REV-ORD-000896,ORD-000896,PROD-0133,4,Excellent quality.
REV-ORD-004800,ORD-004800,PROD-0043,5,Highly recommend.
REV-ORD-001983,ORD-001983,PROD-0148,5,Highly recommend.
REV-ORD-004745,ORD-004745,PROD-0043,3,Nothing special.
REV-ORD-002723,ORD-002723,PROD-0068,3,Met expectations.
REV-ORD-002867,ORD-002867,PROD-0082,4,Highly recommend.
REV-ORD-003036,ORD-003036,PROD-0060,4,Fast shipping and good value.
REV-ORD-004792,ORD-004792,PROD-0017,5,Excellent quality.
REV-ORD-001787,ORD-001787,PROD-0009,2,Do not buy.
REV-ORD-002085,ORD-002085,PROD-0058,1,Arrived broken.
REV-ORD-000823,ORD-000823,PROD-0129,1,Terrible customer service.
REV-ORD-003659,ORD-003659,PROD-0101,1,Arrived broken.
REV-ORD-000442,ORD-000442,PROD-0017,4,Fast shipping and good value.
REV-ORD-001113,ORD-001113,PROD-0181,3,It's okay.
REV-ORD-001081,ORD-001081,PROD-0027,3,Nothing special.
REV-ORD-002706,ORD-002706,PROD-0066,2,Terrible customer service.
REV-ORD-004146,ORD-004146,PROD-0182,3,Average quality.
REV-ORD-001103,ORD-001103,PROD-0152,5,Highly recommend.
REV-ORD-001296,ORD-001296,PROD-0186,3,Average quality.
REV-ORD-002855,ORD-002855,PROD-0096,3,Met expectations.
REV-ORD-003921,ORD-003921,PROD-0087,3,Average quality.
REV-ORD-002414,ORD-002414,PROD-0034,5,Great product!
REV-ORD-000139,ORD-000139,PROD-0188,3,It's okay.
REV-ORD-000461,ORD-000461,PROD-0065,3,Nothing special.
REV-ORD-000334,ORD-000334,PROD-0001,3,It's okay.
REV-ORD-003500,ORD-003500,PROD-0149,3,Nothing special.
REV-ORD-001615,ORD-001615,PROD-0029,5,Great product!
REV-ORD-002922,ORD-002922,PROD-0129,1,Poor quality.
REV-ORD-003729,ORD-003729,PROD-0198,3,Met expectations.
REV-ORD-002344,ORD-002344,PROD-0058,3,Met expectations.
REV-ORD-003767,ORD-003767,PROD-0142,1,Do not buy.
REV-ORD-003563,ORD-003563,PROD-0057,5,Highly recommend.
REV-ORD-001862,ORD-001862,PROD-0149,5,Excellent quality.
REV-ORD-001604,ORD-001604,PROD-0107,3,It's okay.
REV-ORD-002962,ORD-002962,PROD-0056,3,Met expectations.
REV-ORD-003019,ORD-003019,PROD-0018,5,Highly recommend.
REV-ORD-003388,ORD-003388,PROD-0166,3,Met expectations.
REV-ORD-002434,ORD-002434,PROD-0107,1,Arrived broken.
REV-ORD-001729,ORD-001729,PROD-0168,3,It's okay.
REV-ORD-003540,ORD-003540,PROD-0190,2,Do not buy.
REV-ORD-003649,ORD-003649,PROD-0156,3,It's okay.
REV-ORD-000865,ORD-000865,PROD-0062,1,Do not buy.
REV-ORD-003332,ORD-003332,PROD-0046,3,It's okay.
REV-ORD-004214,ORD-004214,PROD-0013,3,Nothing special.
REV-ORD-003820,ORD-003820,PROD-0086,3,Average quality.
REV-ORD-000820,ORD-000820,PROD-0052,4,Highly recommend.
REV-ORD-000966,ORD-000966,PROD-0117,4,Highly recommend.
REV-ORD-000515,ORD-000515,PROD-0111,5,Highly recommend.
REV-ORD-002658,ORD-002658,PROD-0151,3,Met expectations.
REV-ORD-001416,ORD-001416,PROD-0157,3,Met expectations.
REV-ORD-003546,ORD-003546,PROD-0185,1,Do not buy.
REV-ORD-004339,ORD-004339,PROD-0060,3,Met expectations.
REV-ORD-000040,ORD-000040,PROD-0124,2,Do not buy.
REV-ORD-001716,ORD-001716,PROD-0192,1,Terrible customer service.
REV-ORD-000914,ORD-000914,PROD-0080,5,Excellent quality.
REV-ORD-003966,ORD-003966,PROD-0053,4,Great product!
REV-ORD-000824,ORD-000824,PROD-0112,1,Terrible customer service.
REV-ORD-000012,ORD-000012,PROD-0161,3,It's okay.
REV-ORD-003833,ORD-003833,PROD-0109,3,Average quality.
REV-ORD-004083,ORD-004083,PROD-0090,3,Average quality.
REV-ORD-001303,ORD-001303,PROD-0050,1,Terrible customer service.
REV-ORD-004040,ORD-004040,PROD-0121,2,Poor quality.
REV-ORD-001565,ORD-001565,PROD-0186,3,Nothing special.
REV-ORD-000227,ORD-000227,PROD-0185,3,It's okay.
REV-ORD-003934,ORD-003934,PROD-0098,3,Met expectations.
REV-ORD-003525,ORD-003525,PROD-0119,3,It's okay.
REV-ORD-003616,ORD-003616,PROD-0091,4,Fast shipping and good value.
REV-ORD-001687,ORD-001687,PROD-0169,3,Nothing special.
REV-ORD-001292,ORD-001292,PROD-0126,2,Do not buy.
REV-ORD-002531,ORD-002531,PROD-0059,3,Met expectations.
REV-ORD-003050,ORD-003050,PROD-0194,5,Excellent quality.
REV-ORD-001850,ORD-001850,PROD-0077,3,Met expectations.
REV-ORD-000109,ORD-000109,PROD-0071,5,Great product!
REV-ORD-002320,ORD-002320,PROD-0137,3,Met expectations.
REV-ORD-002539,ORD-002539,PROD-0156,1,Do not buy.
REV-ORD-002114,ORD-002114,PROD-0100,3,Met expectations.
REV-ORD-004229,ORD-004229,PROD-0116,3,Met expectations.
REV-ORD-000890,ORD-000890,PROD-0062,1,Poor quality.
REV-ORD-001286,ORD-001286,PROD-0133,3,Met expectations.
REV-ORD-001631,ORD-001631,PROD-0089,5,Great product!
REV-ORD-002279,ORD-002279,PROD-0090,3,Average quality.
REV-ORD-004572,ORD-004572,PROD-0070,3,Met expectations.
REV-ORD-004777,ORD-004777,PROD-0066,1,Do not buy.
REV-ORD-004438,ORD-004438,PROD-0148,3,It's okay.
REV-ORD-003505,ORD-003505,PROD-0180,3,Nothing special.
REV-ORD-002974,ORD-002974,PROD-0153,3,Nothing special.
REV-ORD-003157,ORD-003157,PROD-0051,5,Fast shipping and good value.
REV-ORD-003738,ORD-003738,PROD-0069,4,Excellent quality.
REV-ORD-003391,ORD-003391,PROD-0104,5,Highly recommend.
REV-ORD-002258,ORD-002258,PROD-0038,1,Arrived broken.
REV-ORD-000757,ORD-000757,PROD-0007,5,Excellent quality.
REV-ORD-000443,ORD-000443,PROD-0124,4,Highly recommend.
REV-ORD-002665,ORD-002665,PROD-0055,4,Excellent quality.
REV-ORD-001487,ORD-001487,PROD-0168,5,Fast shipping and good value.
REV-ORD-003047,ORD-003047,PROD-0170,2,Terrible customer service.
REV-ORD-002997,ORD-002997,PROD-0137,4,Highly recommend.
REV-ORD-001904,ORD-001904,PROD-0143,4,Fast shipping and good value.
REV-ORD-001474,ORD-001474,PROD-0111,3,Average quality.
REV-ORD-000204,ORD-000204,PROD-0003,4,Highly recommend.
REV-ORD-004034,ORD-004034,PROD-0033,3,Average quality.
REV-ORD-001470,ORD-001470,PROD-0157,5,Great product!
REV-ORD-003140,ORD-003140,PROD-0111,5,Excellent quality.
REV-ORD-000526,ORD-000526,PROD-0033,4,Highly recommend.
REV-ORD-002781,ORD-002781,PROD-0179,5,Fast shipping and good value.
REV-ORD-003541,ORD-003541,PROD-0002,5,Highly recommend.
REV-ORD-003802,ORD-003802,PROD-0138,3,Met expectations.
REV-ORD-003163,ORD-003163,PROD-0083,2,Terrible customer service.
REV-ORD-002445,ORD-002445,PROD-0028,3,Met expectations.
REV-ORD-000128,ORD-000128,PROD-0029,3,Met expectations.
REV-ORD-002883,ORD-002883,PROD-0026,5,Excellent quality.
REV-ORD-003025,ORD-003025,PROD-0041,2,Arrived broken.
REV-ORD-001989,ORD-001989,PROD-0018,3,Met expectations.
REV-ORD-000650,ORD-000650,PROD-0099,2,Poor quality.
REV-ORD-004130,ORD-004130,PROD-0131,4,Excellent quality.
REV-ORD-002373,ORD-002373,PROD-0157,5,Highly recommend.
REV-ORD-004472,ORD-004472,PROD-0036,5,Fast shipping and good value.
REV-ORD-003165,ORD-003165,PROD-0033,2,Arrived broken.
REV-ORD-002126,ORD-002126,PROD-0156,3,Average quality.
REV-ORD-004358,ORD-004358,PROD-0137,4,Great product!
REV-ORD-004964,ORD-004964,PROD-0045,4,Highly recommend.
REV-ORD-001079,ORD-001079,PROD-0017,3,Average quality.
REV-ORD-004798,ORD-004798,PROD-0163,1,Poor quality.
REV-ORD-002481,ORD-002481,PROD-0145,5,Fast shipping and good value.
REV-ORD-004184,ORD-004184,PROD-0061,2,Poor quality.
REV-ORD-004999,ORD-004999,PROD-0089,2,Poor quality.
REV-ORD-001632,ORD-001632,PROD-0026,3,Average quality.
REV-ORD-003355,ORD-003355,PROD-0152,4,Excellent quality.
REV-ORD-003409,ORD-003409,PROD-0159,3,Met expectations.
REV-ORD-001250,ORD-001250,PROD-0048,2,Poor quality.
REV-ORD-004494,ORD-004494,PROD-0098,1,Poor quality.
REV-ORD-002958,ORD-002958,PROD-0053,1,Arrived broken.
REV-ORD-002231,ORD-002231,PROD-0158,3,Met expectations.
REV-ORD-004885,ORD-004885,PROD-0012,3,Met expectations.
REV-ORD-002449,ORD-002449,PROD-0080,2,Terrible customer service.
REV-ORD-002029,ORD-002029,PROD-0026,1,Terrible customer service.
REV-ORD-003675,ORD-003675,PROD-0129,4,Fast shipping and good value.
REV-ORD-003886,ORD-003886,PROD-0121,4,Fast shipping and good value.
REV-ORD-002738,ORD-002738,PROD-0023,3,It's okay.
REV-ORD-000974,ORD-000974,PROD-0104,3,Average quality.
REV-ORD-000682,ORD-000682,PROD-0117,3,Nothing special.
REV-ORD-004179,ORD-004179,PROD-0025,4,Fast shipping and good value.
REV-ORD-003559,ORD-003559,PROD-0017,4,Fast shipping and good value.
REV-ORD-003516,ORD-003516,PROD-0096,3,Average quality.
REV-ORD-004161,ORD-004161,PROD-0100,2,Arrived broken.
REV-ORD-002317,ORD-002317,PROD-0183,3,Met expectations.
REV-ORD-001433,ORD-001433,PROD-0162,3,It's okay.
REV-ORD-003621,ORD-003621,PROD-0141,3,Nothing special.
REV-ORD-002707,ORD-002707,PROD-0110,4,Great product!
REV-ORD-002048,ORD-002048,PROD-0068,3,Met expectations.
REV-ORD-002720,ORD-002720,PROD-0163,4,Great product!
REV-ORD-000360,ORD-000360,PROD-0074,5,Excellent quality.
REV-ORD-002013,ORD-002013,PROD-0144,5,Excellent quality.
REV-ORD-001660,ORD-001660,PROD-0136,1,Poor quality.
REV-ORD-003870,ORD-003870,PROD-0091,3,Average quality.
REV-ORD-003917,ORD-003917,PROD-0137,5,Great product!
REV-ORD-001388,ORD-001388,PROD-0004,4,Fast shipping and good value.
REV-ORD-004511,ORD-004511,PROD-0080,2,Terrible customer service.
REV-ORD-002620,ORD-002620,PROD-0094,3,Nothing special.
REV-ORD-003133,ORD-003133,PROD-0136,4,Fast shipping and good value.
REV-ORD-004868,ORD-004868,PROD-0188,4,Excellent quality.
REV-ORD-002251,ORD-002251,PROD-0076,4,Great product!
REV-ORD-001563,ORD-001563,PROD-0014,5,Great product!
REV-ORD-002287,ORD-002287,PROD-0049,3,Average quality.
REV-ORD-003529,ORD-003529,PROD-0156,2,Poor quality.
REV-ORD-004391,ORD-004391,PROD-0074,5,Highly recommend.
REV-ORD-001680,ORD-001680,PROD-0052,1,Poor quality.
REV-ORD-004124,ORD-004124,PROD-0043,5,Highly recommend.
REV-ORD-000954,ORD-000954,PROD-0183,3,Average quality.
REV-ORD-004232,ORD-004232,PROD-0014,4,Fast shipping and good value.
REV-ORD-001326,ORD-001326,PROD-0001,2,Do not buy.
REV-ORD-000107,ORD-000107,PROD-0200,3,Average quality.
REV-ORD-001453,ORD-001453,PROD-0099,5,Excellent quality.
REV-ORD-001820,ORD-001820,PROD-0111,3,It's okay.
REV-ORD-001117,ORD-001117,PROD-0110,2,Do not buy.
REV-ORD-001748,ORD-001748,PROD-0171,5,Highly recommend.
REV-ORD-000886,ORD-000886,PROD-0077,3,It's okay.
REV-ORD-000394,ORD-000394,PROD-0134,3,Nothing special.
REV-ORD-004213,ORD-004213,PROD-0119,2,Do not buy.
REV-ORD-000807,ORD-000807,PROD-0056,1,Poor quality.
REV-ORD-004211,ORD-004211,PROD-0034,3,Met expectations.
REV-ORD-001627,ORD-001627,PROD-0046,3,Average quality.
REV-ORD-001463,ORD-001463,PROD-0152,5,Fast shipping and good value.
REV-ORD-003945,ORD-003945,PROD-0104,5,Highly recommend.
REV-ORD-000849,ORD-000849,PROD-0098,2,Arrived broken.
REV-ORD-001700,ORD-001700,PROD-0037,3,It's okay.
REV-ORD-001873,ORD-001873,PROD-0156,4,Highly recommend.
REV-ORD-000170,ORD-000170,PROD-0142,3,It's okay.
REV-ORD-001926,ORD-001926,PROD-0131,3,Nothing special.
REV-ORD-004246,ORD-004246,PROD-0095,2,Terrible customer service.
REV-ORD-001376,ORD-001376,PROD-0030,5,Highly recommend.
REV-ORD-003722,ORD-003722,PROD-0151,3,Average quality.
REV-ORD-000258,ORD-000258,PROD-0067,3,Nothing special.
REV-ORD-001157,ORD-001157,PROD-0109,2,Poor quality.
REV-ORD-004714,ORD-004714,PROD-0023,3,Nothing special.
REV-ORD-002175,ORD-002175,PROD-0138,5,Fast shipping and good value.
REV-ORD-004475,ORD-004475,PROD-0047,3,Nothing special.
REV-ORD-001335,ORD-001335,PROD-0165,4,Fast shipping and good value.
REV-ORD-004742,ORD-004742,PROD-0035,5,Great product!
REV-ORD-000799,ORD-000799,PROD-0184,3,Average quality.
REV-ORD-003443,ORD-003443,PROD-0055,4,Excellent quality.
REV-ORD-004739,ORD-004739,PROD-0067,4,Great product!
REV-ORD-004423,ORD-004423,PROD-0103,2,Arrived broken.
REV-ORD-000176,ORD-000176,PROD-0066,3,It's okay.
REV-ORD-003840,ORD-003840,PROD-0080,2,Do not buy.
REV-ORD-004605,ORD-004605,PROD-0037,2,Terrible customer service.
REV-ORD-000674,ORD-000674,PROD-0049,1,Do not buy.
REV-ORD-001017,ORD-001017,PROD-0023,3,Nothing special.
REV-ORD-001920,ORD-001920,PROD-0162,1,Arrived broken.
REV-ORD-001404,ORD-001404,PROD-0075,5,Excellent quality.
REV-ORD-002947,ORD-002947,PROD-0172,4,Highly recommend.
REV-ORD-001185,ORD-001185,PROD-0156,2,Terrible customer service.
REV-ORD-003757,ORD-003757,PROD-0035,4,Fast shipping and good value.
REV-ORD-001398,ORD-001398,PROD-0144,3,It's okay.
REV-ORD-004089,ORD-004089,PROD-0094,3,Met expectations.
REV-ORD-001069,ORD-001069,PROD-0174,1,Terrible customer service.
REV-ORD-001403,ORD-001403,PROD-0196,3,Nothing special.
REV-ORD-002940,ORD-002940,PROD-0013,5,Great product!
REV-ORD-004902,ORD-004902,PROD-0169,5,Fast shipping and good value.
REV-ORD-001365,ORD-001365,PROD-0195,3,Average quality.
REV-ORD-001102,ORD-001102,PROD-0117,4,Fast shipping and good value.
REV-ORD-000333,ORD-000333,PROD-0047,3,Met expectations.
REV-ORD-003137,ORD-003137,PROD-0169,3,Met expectations.
REV-ORD-003218,ORD-003218,PROD-0166,3,Met expectations.
REV-ORD-002916,ORD-002916,PROD-0021,5,Fast shipping and good value.
REV-ORD-001804,ORD-001804,PROD-0051,2,Do not buy.
REV-ORD-004956,ORD-004956,PROD-0022,5,Highly recommend.
REV-ORD-004821,ORD-004821,PROD-0111,1,Terrible customer service.
REV-ORD-004145,ORD-004145,PROD-0173,2,Poor quality.
REV-ORD-003895,ORD-003895,PROD-0073,3,Nothing special.
REV-ORD-001349,ORD-001349,PROD-0139,5,Great product!
REV-ORD-002260,ORD-002260,PROD-0013,3,Met expectations.
REV-ORD-001448,ORD-001448,PROD-0093,1,Poor quality.
REV-ORD-003588,ORD-003588,PROD-0076,3,Met expectations.
REV-ORD-003871,ORD-003871,PROD-0015,3,It's okay.
REV-ORD-002522,ORD-002522,PROD-0089,3,Met expectations.
REV-ORD-000523,ORD-000523,PROD-0145,4,Highly recommend.
REV-ORD-003176,ORD-003176,PROD-0025,3,Met expectations.
REV-ORD-000063,ORD-000063,PROD-0068,3,Average quality.
REV-ORD-001279,ORD-001279,PROD-0190,4,Highly recommend.
REV-ORD-000335,ORD-000335,PROD-0088,3,Nothing special.
REV-ORD-000271,ORD-000271,PROD-0190,4,Fast shipping and good value.
REV-ORD-003115,ORD-003115,PROD-0073,5,Excellent quality.
REV-ORD-004677,ORD-004677,PROD-0168,2,Arrived broken.
REV-ORD-001314,ORD-001314,PROD-0156,1,Poor quality.
REV-ORD-004114,ORD-004114,PROD-0153,4,Excellent quality.
REV-ORD-004635,ORD-004635,PROD-0026,3,It's okay.
REV-ORD-002743,ORD-002743,PROD-0149,2,Terrible customer service.
REV-ORD-003822,ORD-003822,PROD-0163,3,Nothing special.
REV-ORD-001325,ORD-001325,PROD-0134,3,It's okay.
REV-ORD-002212,ORD-002212,PROD-0029,5,Highly recommend.
REV-ORD-004867,ORD-004867,PROD-0042,2,Arrived broken.
REV-ORD-002331,ORD-002331,PROD-0073,5,Highly recommend.
REV-ORD-001643,ORD-001643,PROD-0012,3,Average quality.
REV-ORD-003683,ORD-003683,PROD-0039,4,Great product!
REV-ORD-001418,ORD-001418,PROD-0044,4,Fast shipping and good value.
REV-ORD-004971,ORD-004971,PROD-0023,4,Fast shipping and good value.
REV-ORD-003843,ORD-003843,PROD-0042,3,It's okay.
REV-ORD-004359,ORD-004359,PROD-0174,3,Nothing special.
REV-ORD-002726,ORD-002726,PROD-0108,5,Highly recommend.
REV-ORD-000924,ORD-000924,PROD-0050,5,Great product!
REV-ORD-001137,ORD-001137,PROD-0012,2,Arrived broken.
REV-ORD-000590,ORD-000590,PROD-0085,4,Excellent quality.
REV-ORD-002497,ORD-002497,PROD-0166,2,Poor quality.
REV-ORD-001988,ORD-001988,PROD-0135,1,Arrived broken.
REV-ORD-000486,ORD-000486,PROD-0023,3,Average quality.
REV-ORD-000693,ORD-000693,PROD-0025,1,Arrived broken.
REV-ORD-001400,ORD-001400,PROD-0063,1,Poor quality.
REV-ORD-002093,ORD-002093,PROD-0070,3,Nothing special.
REV-ORD-002589,ORD-002589,PROD-0066,1,Terrible customer service.
REV-ORD-004907,ORD-004907,PROD-0071,3,Average quality.
REV-ORD-000840,ORD-000840,PROD-0083,5,Great product!
REV-ORD-002870,ORD-002870,PROD-0049,4,Fast shipping and good value.
REV-ORD-003436,ORD-003436,PROD-0101,2,Arrived broken.
REV-ORD-002090,ORD-002090,PROD-0037,5,Excellent quality.
REV-ORD-003953,ORD-003953,PROD-0165,2,Poor quality.
REV-ORD-002806,ORD-002806,PROD-0050,3,It's okay.
REV-ORD-003067,ORD-003067,PROD-0005,5,Great product!
REV-ORD-002207,ORD-002207,PROD-0125,2,Terrible customer service.
REV-ORD-003363,ORD-003363,PROD-0105,3,It's okay.
REV-ORD-004182,ORD-004182,PROD-0115,3,Met expectations.
REV-ORD-001358,ORD-001358,PROD-0148,4,Great product!
REV-ORD-002799,ORD-002799,PROD-0020,3,Met expectations.
REV-ORD-003329,ORD-003329,PROD-0005,5,Highly recommend.
REV-ORD-000844,ORD-000844,PROD-0103,5,Excellent quality.
REV-ORD-001886,ORD-001886,PROD-0154,3,Average quality.
REV-ORD-001283,ORD-001283,PROD-0026,5,Highly recommend.
REV-ORD-002570,ORD-002570,PROD-0127,5,Fast shipping and good value.
REV-ORD-002002,ORD-002002,PROD-0003,4,Highly recommend.
REV-ORD-001160,ORD-001160,PROD-0101,2,Arrived broken.
REV-ORD-001612,ORD-001612,PROD-0138,3,Average quality.
REV-ORD-004825,ORD-004825,PROD-0082,3,It's okay.
REV-ORD-001227,ORD-001227,PROD-0038,3,Met expectations.
REV-ORD-001704,ORD-001704,PROD-0019,5,Excellent quality.
REV-ORD-003821,ORD-003821,PROD-0143,3,Met expectations.
REV-ORD-003740,ORD-003740,PROD-0081,3,Average quality.
REV-ORD-001744,ORD-001744,PROD-0154,3,Nothing special.
REV-ORD-004721,ORD-004721,PROD-0070,4,Highly recommend.
REV-ORD-004248,ORD-004248,PROD-0126,5,Great product!
REV-ORD-002080,ORD-002080,PROD-0119,2,Arrived broken.
REV-ORD-004537,ORD-004537,PROD-0129,3,Met expectations.
REV-ORD-002998,ORD-002998,PROD-0161,5,Great product!
REV-ORD-004226,ORD-004226,PROD-0079,3,Met expectations.
REV-ORD-002185,ORD-002185,PROD-0102,5,Excellent quality.
REV-ORD-001876,ORD-001876,PROD-0116,3,It's okay.
REV-ORD-000499,ORD-000499,PROD-0051,5,Excellent quality.
REV-ORD-000048,ORD-000048,PROD-0042,5,Great product!
REV-ORD-000537,ORD-000537,PROD-0010,5,Excellent quality.
REV-ORD-001533,ORD-001533,PROD-0060,4,Great product!
REV-ORD-004788,ORD-004788,PROD-0062,3,Nothing special.
REV-ORD-004357,ORD-004357,PROD-0077,4,Excellent quality.
REV-ORD-003318,ORD-003318,PROD-0167,3,Nothing special.
REV-ORD-000361,ORD-000361,PROD-0145,3,Met expectations.
REV-ORD-001254,ORD-001254,PROD-0072,4,Fast shipping and good value.
REV-ORD-000712,ORD-000712,PROD-0063,2,Terrible customer service.
REV-ORD-003078,ORD-003078,PROD-0014,5,Excellent quality.
REV-ORD-003791,ORD-003791,PROD-0091,3,Met expectations.
REV-ORD-003758,ORD-003758,PROD-0081,3,Average quality.
REV-ORD-003297,ORD-003297,PROD-0089,3,Nothing special.
REV-ORD-002339,ORD-002339,PROD-0053,4,Highly recommend.
REV-ORD-000083,ORD-000083,PROD-0019,5,Highly recommend.
REV-ORD-001184,ORD-001184,PROD-0028,5,Highly recommend.
REV-ORD-000481,ORD-000481,PROD-0063,2,Arrived broken.
REV-ORD-004167,ORD-004167,PROD-0163,2,Terrible customer service.
REV-ORD-000901,ORD-000901,PROD-0035,2,Terrible customer service.
REV-ORD-004942,ORD-004942,PROD-0177,2,Terrible customer service.
REV-ORD-000965,ORD-000965,PROD-0072,4,Highly recommend.
REV-ORD-000213,ORD-000213,PROD-0122,3,Nothing special.
REV-ORD-003804,ORD-003804,PROD-0012,5,Fast shipping and good value.
REV-ORD-004995,ORD-004995,PROD-0190,5,Highly recommend.
REV-ORD-003991,ORD-003991,PROD-0094,3,Nothing special.
REV-ORD-000936,ORD-000936,PROD-0109,1,Arrived broken.
REV-ORD-001641,ORD-001641,PROD-0142,3,Met expectations.
REV-ORD-003859,ORD-003859,PROD-0095,2,Arrived broken.
REV-ORD-000528,ORD-000528,PROD-0133,1,Arrived broken.
REV-ORD-003341,ORD-003341,PROD-0076,4,Highly recommend.
REV-ORD-000237,ORD-000237,PROD-0083,5,Great product!
REV-ORD-000428,ORD-000428,PROD-0140,1,Do not buy.
REV-ORD-001101,ORD-001101,PROD-0061,3,Nothing special.
REV-ORD-001132,ORD-001132,PROD-0136,4,Great product!
REV-ORD-001031,ORD-001031,PROD-0126,5,Highly recommend.
REV-ORD-004791,ORD-004791,PROD-0044,5,Great product!
REV-ORD-004125,ORD-004125,PROD-0169,3,It's okay.
REV-ORD-000711,ORD-000711,PROD-0181,2,Do not buy.
REV-ORD-002016,ORD-002016,PROD-0030,2,Arrived broken.
REV-ORD-000818,ORD-000818,PROD-0059,2,Do not buy.
REV-ORD-004126,ORD-004126,PROD-0042,5,Excellent quality.
REV-ORD-001127,ORD-001127,PROD-0095,1,Do not buy.
REV-ORD-004507,ORD-004507,PROD-0105,5,Highly recommend.
REV-ORD-000256,ORD-000256,PROD-0144,1,Arrived broken.
REV-ORD-004837,ORD-004837,PROD-0098,3,Met expectations.
REV-ORD-003503,ORD-003503,PROD-0066,2,Terrible customer service.
REV-ORD-000462,ORD-000462,PROD-0056,3,It's okay.
REV-ORD-002276,ORD-002276,PROD-0064,5,Fast shipping and good value.
REV-ORD-002746,ORD-002746,PROD-0170,1,Do not buy.
REV-ORD-000066,ORD-000066,PROD-0168,3,Met expectations.
REV-ORD-003660,ORD-003660,PROD-0032,4,Fast shipping and good value.
REV-ORD-000662,ORD-000662,PROD-0108,4,Great product!
REV-ORD-001312,ORD-001312,PROD-0151,3,Nothing special.
REV-ORD-002624,ORD-002624,PROD-0118,3,Nothing special.
REV-ORD-000639,ORD-000639,PROD-0058,3,Nothing special.
REV-ORD-004576,ORD-004576,PROD-0009,2,Poor quality.
REV-ORD-001656,ORD-001656,PROD-0111,3,Average quality.
REV-ORD-003619,ORD-003619,PROD-0057,3,It's okay.
REV-ORD-002674,ORD-002674,PROD-0031,5,Highly recommend.
REV-ORD-002852,ORD-002852,PROD-0180,4,Fast shipping and good value.
REV-ORD-002845,ORD-002845,PROD-0051,5,Fast shipping and good value.
REV-ORD-004573,ORD-004573,PROD-0025,1,Terrible customer service.
REV-ORD-004500,ORD-004500,PROD-0148,3,Met expectations.
REV-ORD-003081,ORD-003081,PROD-0123,4,Fast shipping and good value.
REV-ORD-003364,ORD-003364,PROD-0056,5,Great product!
REV-ORD-003489,ORD-003489,PROD-0145,3,It's okay.
REV-ORD-003418,ORD-003418,PROD-0187,4,Great product!
REV-ORD-003002,ORD-003002,PROD-0102,2,Poor quality.
REV-ORD-004270,ORD-004270,PROD-0068,3,Nothing special.
REV-ORD-004515,ORD-004515,PROD-0199,2,Poor quality.
REV-ORD-002381,ORD-002381,PROD-0115,1,Do not buy.
REV-ORD-002224,ORD-002224,PROD-0117,5,Excellent quality.
REV-ORD-004830,ORD-004830,PROD-0039,5,Great product!
REV-ORD-003112,ORD-003112,PROD-0035,5,Fast shipping and good value.
REV-ORD-004450,ORD-004450,PROD-0034,2,Arrived broken.
REV-ORD-000851,ORD-000851,PROD-0002,5,Great product!
REV-ORD-002673,ORD-002673,PROD-0051,4,Fast shipping and good value.
REV-ORD-004967,ORD-004967,PROD-0030,3,It's okay.
REV-ORD-002293,ORD-002293,PROD-0192,4,Fast shipping and good value.
REV-ORD-000745,ORD-000745,PROD-0014,5,Great product!
REV-ORD-002851,ORD-002851,PROD-0016,3,Met expectations.
REV-ORD-000239,ORD-000239,PROD-0002,4,Excellent quality.
REV-ORD-003127,ORD-003127,PROD-0048,2,Terrible customer service.
REV-ORD-002070,ORD-002070,PROD-0031,2,Poor quality.
REV-ORD-001891,ORD-001891,PROD-0131,4,Excellent quality.
REV-ORD-001999,ORD-001999,PROD-0165,3,Average quality.
REV-ORD-003556,ORD-003556,PROD-0122,3,It's okay.
REV-ORD-000105,ORD-000105,PROD-0158,4,Excellent quality.
REV-ORD-003987,ORD-003987,PROD-0068,5,Excellent quality.
REV-ORD-004492,ORD-004492,PROD-0179,3,Nothing special.
REV-ORD-000160,ORD-000160,PROD-0177,4,Great product!
REV-ORD-000343,ORD-000343,PROD-0113,4,Fast shipping and good value.
REV-ORD-003474,ORD-003474,PROD-0151,4,Great product!
REV-ORD-002700,ORD-002700,PROD-0035,3,Met expectations.
REV-ORD-001136,ORD-001136,PROD-0012,4,Excellent quality.
REV-ORD-003343,ORD-003343,PROD-0009,3,Average quality.
REV-ORD-001472,ORD-001472,PROD-0111,2,Poor quality.
REV-ORD-000210,ORD-000210,PROD-0127,4,Highly recommend.
REV-ORD-000278,ORD-000278,PROD-0084,1,Arrived broken.
REV-ORD-002827,ORD-002827,PROD-0136,3,Nothing special.
REV-ORD-000611,ORD-000611,PROD-0162,4,Highly recommend.
REV-ORD-002487,ORD-002487,PROD-0055,3,Nothing special.
REV-ORD-003806,ORD-003806,PROD-0064,5,Great product!
REV-ORD-004968,ORD-004968,PROD-0156,4,Highly recommend.
REV-ORD-000236,ORD-000236,PROD-0135,3,Met expectations.
REV-ORD-001022,ORD-001022,PROD-0024,5,Great product!
REV-ORD-003689,ORD-003689,PROD-0139,5,Excellent quality.
REV-ORD-002413,ORD-002413,PROD-0143,4,Highly recommend.
REV-ORD-000514,ORD-000514,PROD-0021,5,Fast shipping and good value.
REV-ORD-000870,ORD-000870,PROD-0134,1,Arrived broken.
REV-ORD-001095,ORD-001095,PROD-0181,5,Excellent quality.
REV-ORD-003530,ORD-003530,PROD-0110,3,It's okay.
REV-ORD-000287,ORD-000287,PROD-0006,3,It's okay.
REV-ORD-000651,ORD-000651,PROD-0176,5,Fast shipping and good value.
REV-ORD-000612,ORD-000612,PROD-0189,2,Poor quality.
REV-ORD-001428,ORD-001428,PROD-0165,3,It's okay.
REV-ORD-002872,ORD-002872,PROD-0101,4,Great product!
REV-ORD-003787,ORD-003787,PROD-0062,3,Average quality.
REV-ORD-003059,ORD-003059,PROD-0049,4,Great product!
REV-ORD-000700,ORD-000700,PROD-0177,1,Terrible customer service.
REV-ORD-004329,ORD-004329,PROD-0075,3,It's okay.
REV-ORD-000538,ORD-000538,PROD-0198,3,Average quality.
REV-ORD-004085,ORD-004085,PROD-0043,3,It's okay.
REV-ORD-004657,ORD-004657,PROD-0079,3,Nothing special.
REV-ORD-003935,ORD-003935,PROD-0075,3,It's okay.
REV-ORD-003648,ORD-003648,PROD-0178,2,Poor quality.
REV-ORD-004984,ORD-004984,PROD-0187,3,Nothing special.
REV-ORD-000069,ORD-000069,PROD-0042,4,Highly recommend.
REV-ORD-001468,ORD-001468,PROD-0079,1,Terrible customer service.
REV-ORD-003037,ORD-003037,PROD-0183,5,Fast shipping and good value.
REV-ORD-004789,ORD-004789,PROD-0023,5,Excellent quality.
REV-ORD-004074,ORD-004074,PROD-0102,3,It's okay.
REV-ORD-000385,ORD-000385,PROD-0124,4,Highly recommend.
REV-ORD-002226,ORD-002226,PROD-0143,1,Do not buy.
REV-ORD-002594,ORD-002594,PROD-0057,3,It's okay.
REV-ORD-004169,ORD-004169,PROD-0113,5,Highly recommend.
REV-ORD-001382,ORD-001382,PROD-0024,3,Nothing special.
REV-ORD-003070,ORD-003070,PROD-0160,5,Fast shipping and good value.
REV-ORD-004009,ORD-004009,PROD-0107,4,Fast shipping and good value.
REV-ORD-000097,ORD-000097,PROD-0164,2,Terrible customer service.
REV-ORD-003055,ORD-003055,PROD-0012,5,Highly recommend.
REV-ORD-001272,ORD-001272,PROD-0042,4,Fast shipping and good value.
REV-ORD-002736,ORD-002736,PROD-0180,2,Poor quality.
REV-ORD-003585,ORD-003585,PROD-0112,2,Terrible customer service.
REV-ORD-001206,ORD-001206,PROD-0145,2,Terrible customer service.
REV-ORD-003374,ORD-003374,PROD-0151,1,Terrible customer service.
REV-ORD-000933,ORD-000933,PROD-0107,3,Nothing special.
REV-ORD-001812,ORD-001812,PROD-0029,3,Nothing special.
REV-ORD-004468,ORD-004468,PROD-0115,5,Great product!
REV-ORD-003863,ORD-003863,PROD-0077,1,Terrible customer service.
REV-ORD-004097,ORD-004097,PROD-0033,3,It's okay.
REV-ORD-001501,ORD-001501,PROD-0163,4,Great product!
REV-ORD-001963,ORD-001963,PROD-0145,4,Great product!
REV-ORD-004662,ORD-004662,PROD-0003,4,Highly recommend.
REV-ORD-002208,ORD-002208,PROD-0107,4,Excellent quality.
REV-ORD-002178,ORD-002178,PROD-0049,2,Do not buy.
REV-ORD-003841,ORD-003841,PROD-0177,1,Terrible customer service.
REV-ORD-004324,ORD-004324,PROD-0067,5,Excellent quality.
REV-ORD-003761,ORD-003761,PROD-0127,3,It's okay.
REV-ORD-002545,ORD-002545,PROD-0164,3,Met expectations.
REV-ORD-000057,ORD-000057,PROD-0058,4,Great product!
REV-ORD-000891,ORD-000891,PROD-0168,5,Great product!
REV-ORD-004643,ORD-004643,PROD-0150,2,Do not buy.
REV-ORD-001345,ORD-001345,PROD-0017,5,Excellent quality.
REV-ORD-002136,ORD-002136,PROD-0123,5,Excellent quality.
REV-ORD-000815,ORD-000815,PROD-0190,4,Great product!
REV-ORD-003717,ORD-003717,PROD-0160,3,Average quality.
REV-ORD-004558,ORD-004558,PROD-0119,5,Highly recommend.
REV-ORD-004864,ORD-004864,PROD-0066,3,It's okay.
REV-ORD-004958,ORD-004958,PROD-0150,3,It's okay.
REV-ORD-000138,ORD-000138,PROD-0128,5,Excellent quality.
REV-ORD-000396,ORD-000396,PROD-0129,4,Excellent quality.
REV-ORD-001028,ORD-001028,PROD-0018,5,Excellent quality.
REV-ORD-000571,ORD-000571,PROD-0093,3,Nothing special.
REV-ORD-004827,ORD-004827,PROD-0070,1,Do not buy.
REV-ORD-000102,ORD-000102,PROD-0146,2,Terrible customer service.
REV-ORD-001068,ORD-001068,PROD-0041,2,Terrible customer service.
REV-ORD-000260,ORD-000260,PROD-0098,2,Poor quality.
REV-ORD-004295,ORD-004295,PROD-0111,4,Excellent quality.
REV-ORD-001208,ORD-001208,PROD-0020,3,It's okay.
REV-ORD-003566,ORD-003566,PROD-0085,3,Average quality.
REV-ORD-004313,ORD-004313,PROD-0013,3,Met expectations.
REV-ORD-003346,ORD-003346,PROD-0007,5,Great product!
REV-ORD-000300,ORD-000300,PROD-0037,2,Poor quality.
REV-ORD-001407,ORD-001407,PROD-0052,3,Average quality.
REV-ORD-000541,ORD-000541,PROD-0066,2,Arrived broken.
REV-ORD-000570,ORD-000570,PROD-0085,4,Fast shipping and good value.
REV-ORD-002918,ORD-002918,PROD-0020,3,It's okay.
REV-ORD-000740,ORD-000740,PROD-0078,3,It's okay.
REV-ORD-000002,ORD-000002,PROD-0067,3,It's okay.
REV-ORD-003704,ORD-003704,PROD-0049,3,Nothing special.
REV-ORD-004288,ORD-004288,PROD-0143,3,Average quality.
REV-ORD-000231,ORD-000231,PROD-0163,2,Do not buy.
REV-ORD-002928,ORD-002928,PROD-0078,1,Do not buy.
REV-ORD-001560,ORD-001560,PROD-0007,3,Average quality.
REV-ORD-004922,ORD-004922,PROD-0010,2,Do not buy.
REV-ORD-000837,ORD-000837,PROD-0087,5,Highly recommend.
REV-ORD-000192,ORD-000192,PROD-0034,2,Terrible customer service.
REV-ORD-000004,ORD-000004,PROD-0078,3,Average quality.
REV-ORD-001169,ORD-001169,PROD-0188,4,Great product!
REV-ORD-000451,ORD-000451,PROD-0056,5,Fast shipping and good value.
REV-ORD-001865,ORD-001865,PROD-0106,5,Fast shipping and good value.
REV-ORD-003923,ORD-003923,PROD-0079,3,Nothing special.
REV-ORD-000926,ORD-000926,PROD-0175,3,It's okay.
REV-ORD-000673,ORD-000673,PROD-0120,3,Met expectations.
REV-ORD-001317,ORD-001317,PROD-0027,5,Excellent quality.
REV-ORD-004116,ORD-004116,PROD-0120,5,Fast shipping and good value.
REV-ORD-001609,ORD-001609,PROD-0041,3,It's okay.
REV-ORD-000081,ORD-000081,PROD-0094,3,Nothing special.
REV-ORD-002039,ORD-002039,PROD-0051,1,Arrived broken.
REV-ORD-002132,ORD-002132,PROD-0117,5,Fast shipping and good value.
REV-ORD-000997,ORD-000997,PROD-0052,4,Excellent quality.
REV-ORD-002611,ORD-002611,PROD-0177,3,It's okay.
REV-ORD-004523,ORD-004523,PROD-0136,4,Highly recommend.
REV-ORD-001613,ORD-001613,PROD-0086,2,Terrible customer service.
REV-ORD-003645,ORD-003645,PROD-0017,3,Met expectations.
REV-ORD-002026,ORD-002026,PROD-0081,1,Terrible customer service.
REV-ORD-001443,ORD-001443,PROD-0090,3,Met expectations.
REV-ORD-003825,ORD-003825,PROD-0191,3,Nothing special.
REV-ORD-003058,ORD-003058,PROD-0165,3,It's okay.
REV-ORD-002387,ORD-002387,PROD-0150,1,Do not buy.
REV-ORD-004052,ORD-004052,PROD-0057,3,Met expectations.
REV-ORD-001601,ORD-001601,PROD-0125,5,Fast shipping and good value.
REV-ORD-002478,ORD-002478,PROD-0036,4,Excellent quality.
REV-ORD-001562,ORD-001562,PROD-0086,2,Arrived broken.
REV-ORD-002216,ORD-002216,PROD-0026,4,Highly recommend.
REV-ORD-002103,ORD-002103,PROD-0074,5,Highly recommend.
REV-ORD-001973,ORD-001973,PROD-0188,1,Arrived broken.
REV-ORD-001568,ORD-001568,PROD-0121,1,Do not buy.
REV-ORD-000630,ORD-000630,PROD-0030,4,Great product!
REV-ORD-000379,ORD-000379,PROD-0078,3,Met expectations.
REV-ORD-002169,ORD-002169,PROD-0186,3,Met expectations.
REV-ORD-001310,ORD-001310,PROD-0134,3,Average quality.
REV-ORD-003894,ORD-003894,PROD-0068,2,Terrible customer service.
REV-ORD-002874,ORD-002874,PROD-0032,4,Great product!
REV-ORD-004934,ORD-004934,PROD-0151,5,Excellent quality.
REV-ORD-001281,ORD-001281,PROD-0119,4,Excellent quality.
REV-ORD-004160,ORD-004160,PROD-0074,5,Highly recommend.
REV-ORD-000592,ORD-000592,PROD-0079,4,Fast shipping and good value.
REV-ORD-000146,ORD-000146,PROD-0062,3,It's okay.
REV-ORD-004839,ORD-004839,PROD-0016,3,Met expectations.
REV-ORD-002787,ORD-002787,PROD-0032,1,Terrible customer service.
REV-ORD-002740,ORD-002740,PROD-0101,4,Highly recommend.
REV-ORD-004941,ORD-004941,PROD-0126,4,Fast shipping and good value.
REV-ORD-001607,ORD-001607,PROD-0124,4,Highly recommend.
REV-ORD-003948,ORD-003948,PROD-0189,3,Nothing special.
REV-ORD-002729,ORD-002729,PROD-0096,3,Met expectations.
REV-ORD-000834,ORD-000834,PROD-0141,5,Great product!
REV-ORD-004047,ORD-004047,PROD-0192,5,Excellent quality.
REV-ORD-002035,ORD-002035,PROD-0017,4,Fast shipping and good value.
REV-ORD-004212,ORD-004212,PROD-0175,2,Poor quality.
REV-ORD-003283,ORD-003283,PROD-0117,3,It's okay.
REV-ORD-003575,ORD-003575,PROD-0166,3,Average quality.
REV-ORD-002488,ORD-002488,PROD-0012,2,Arrived broken.
REV-ORD-003623,ORD-003623,PROD-0077,4,Great product!
REV-ORD-001446,ORD-001446,PROD-0198,5,Great product!
REV-ORD-004647,ORD-004647,PROD-0169,2,Do not buy.
REV-ORD-002301,ORD-002301,PROD-0097,2,Terrible customer service.
REV-ORD-004565,ORD-004565,PROD-0169,5,Highly recommend.
REV-ORD-000534,ORD-000534,PROD-0111,3,Nothing special.
REV-ORD-002859,ORD-002859,PROD-0136,1,Terrible customer service.
REV-ORD-001770,ORD-001770,PROD-0011,4,Great product!
REV-ORD-000082,ORD-000082,PROD-0059,3,Nothing special.
REV-ORD-004542,ORD-004542,PROD-0144,2,Terrible customer service.
REV-ORD-002837,ORD-002837,PROD-0183,5,Fast shipping and good value.
REV-ORD-001968,ORD-001968,PROD-0098,5,Fast shipping and good value.
REV-ORD-000680,ORD-000680,PROD-0181,3,Nothing special.
REV-ORD-001396,ORD-001396,PROD-0171,4,Great product!
REV-ORD-000708,ORD-000708,PROD-0066,3,Met expectations.
REV-ORD-003286,ORD-003286,PROD-0115,5,Excellent quality.
REV-ORD-002790,ORD-002790,PROD-0001,4,Excellent quality.
REV-ORD-000521,ORD-000521,PROD-0008,3,Nothing special.
REV-ORD-001734,ORD-001734,PROD-0159,2,Do not buy.
REV-ORD-001439,ORD-001439,PROD-0159,2,Arrived broken.
REV-ORD-000193,ORD-000193,PROD-0163,2,Terrible customer service.
REV-ORD-003213,ORD-003213,PROD-0159,3,Met expectations.
REV-ORD-000264,ORD-000264,PROD-0126,1,Do not buy.
REV-ORD-004840,ORD-004840,PROD-0023,4,Highly recommend.
REV-ORD-004080,ORD-004080,PROD-0064,1,Poor quality.
REV-ORD-001278,ORD-001278,PROD-0154,3,Average quality.
REV-ORD-001622,ORD-001622,PROD-0027,3,Average quality.
REV-ORD-003314,ORD-003314,PROD-0165,3,It's okay.
REV-ORD-000805,ORD-000805,PROD-0181,1,Arrived broken.
REV-ORD-002737,ORD-002737,PROD-0106,5,Highly recommend.
REV-ORD-003369,ORD-003369,PROD-0155,1,Do not buy.
REV-ORD-003908,ORD-003908,PROD-0069,5,Highly recommend.
REV-ORD-000369,ORD-000369,PROD-0116,4,Excellent quality.
REV-ORD-002366,ORD-002366,PROD-0116,3,Nothing special.
REV-ORD-000413,ORD-000413,PROD-0043,5,Great product!
REV-ORD-001390,ORD-001390,PROD-0147,4,Highly recommend.
REV-ORD-003818,ORD-003818,PROD-0141,3,Nothing special.
REV-ORD-002416,ORD-002416,PROD-0096,2,Poor quality.
REV-ORD-003874,ORD-003874,PROD-0005,3,It's okay.
REV-ORD-001158,ORD-001158,PROD-0164,3,It's okay.
REV-ORD-002830,ORD-002830,PROD-0146,4,Excellent quality.
REV-ORD-003104,ORD-003104,PROD-0149,3,Average quality.
REV-ORD-001234,ORD-001234,PROD-0031,3,Nothing special.
REV-ORD-000777,ORD-000777,PROD-0143,5,Fast shipping and good value.
REV-ORD-000562,ORD-000562,PROD-0137,2,Terrible customer service.
REV-ORD-002025,ORD-002025,PROD-0172,5,Fast shipping and good value.
REV-ORD-001288,ORD-001288,PROD-0177,1,Poor quality.
REV-ORD-000470,ORD-000470,PROD-0120,5,Highly recommend.
REV-ORD-003697,ORD-003697,PROD-0168,3,It's okay.
REV-ORD-003217,ORD-003217,PROD-0063,1,Arrived broken.
REV-ORD-001902,ORD-001902,PROD-0113,3,Nothing special.
REV-ORD-001727,ORD-001727,PROD-0053,3,It's okay.
REV-ORD-000742,ORD-000742,PROD-0163,2,Do not buy.
REV-ORD-004687,ORD-004687,PROD-0130,5,Fast shipping and good value.
REV-ORD-002590,ORD-002590,PROD-0182,5,Fast shipping and good value.
REV-ORD-001238,ORD-001238,PROD-0129,5,Excellent quality.
REV-ORD-004431,ORD-004431,PROD-0053,3,Average quality.
REV-ORD-000154,ORD-000154,PROD-0159,5,Great product!
REV-ORD-001898,ORD-001898,PROD-0164,4,Excellent quality.
REV-ORD-003568,ORD-003568,PROD-0087,3,Average quality.
REV-ORD-002983,ORD-002983,PROD-0085,1,Terrible customer service.
REV-ORD-004871,ORD-004871,PROD-0120,3,Average quality.
REV-ORD-000892,ORD-000892,PROD-0189,3,Nothing special.
REV-ORD-002116,ORD-002116,PROD-0034,4,Excellent quality.
REV-ORD-003320,ORD-003320,PROD-0041,5,Great product!
REV-ORD-003896,ORD-003896,PROD-0046,3,Average quality.
REV-ORD-004609,ORD-004609,PROD-0029,3,It's okay.
REV-ORD-001392,ORD-001392,PROD-0058,2,Do not buy.
REV-ORD-002771,ORD-002771,PROD-0082,3,Nothing special.
REV-ORD-001693,ORD-001693,PROD-0016,4,Highly recommend.
REV-ORD-004199,ORD-004199,PROD-0199,4,Highly recommend.
REV-ORD-000441,ORD-000441,PROD-0037,3,Nothing special.
REV-ORD-004720,ORD-004720,PROD-0200,1,Do not buy.
REV-ORD-004154,ORD-004154,PROD-0165,4,Great product!
REV-ORD-001801,ORD-001801,PROD-0174,3,Met expectations.
REV-ORD-003407,ORD-003407,PROD-0166,3,It's okay.
REV-ORD-002187,ORD-002187,PROD-0127,5,Excellent quality.
REV-ORD-002809,ORD-002809,PROD-0171,1,Terrible customer service.
REV-ORD-002253,ORD-002253,PROD-0097,1,Do not buy.
REV-ORD-002315,ORD-002315,PROD-0150,4,Great product!
REV-ORD-002813,ORD-002813,PROD-0057,5,Great product!
REV-ORD-000140,ORD-000140,PROD-0042,3,It's okay.
REV-ORD-000829,ORD-000829,PROD-0039,3,Nothing special.
REV-ORD-003666,ORD-003666,PROD-0114,5,Fast shipping and good value.
REV-ORD-002377,ORD-002377,PROD-0040,5,Highly recommend.
REV-ORD-002341,ORD-002341,PROD-0023,5,Highly recommend.
REV-ORD-004571,ORD-004571,PROD-0021,3,It's okay.
REV-ORD-002862,ORD-002862,PROD-0072,3,Nothing special.
REV-ORD-000578,ORD-000578,PROD-0199,4,Excellent quality.
REV-ORD-004513,ORD-004513,PROD-0157,3,It's okay.
REV-ORD-003638,ORD-003638,PROD-0056,3,Average quality.
REV-ORD-001841,ORD-001841,PROD-0016,5,Fast shipping and good value.
REV-ORD-003239,ORD-003239,PROD-0055,3,It's okay.
REV-ORD-004237,ORD-004237,PROD-0190,3,Nothing special.
REV-ORD-003795,ORD-003795,PROD-0187,4,Excellent quality.
REV-ORD-001712,ORD-001712,PROD-0038,5,Great product!
REV-ORD-001846,ORD-001846,PROD-0050,2,Poor quality.
REV-ORD-001506,ORD-001506,PROD-0108,2,Do not buy.
REV-ORD-004158,ORD-004158,PROD-0198,1,Arrived broken.
REV-ORD-001541,ORD-001541,PROD-0089,5,Highly recommend.
REV-ORD-000133,ORD-000133,PROD-0075,3,Average quality.
REV-ORD-002419,ORD-002419,PROD-0133,4,Fast shipping and good value.
REV-ORD-003812,ORD-003812,PROD-0185,2,Arrived broken.
REV-ORD-001784,ORD-001784,PROD-0181,1,Terrible customer service.
REV-ORD-001075,ORD-001075,PROD-0111,5,Excellent quality.
REV-ORD-001413,ORD-001413,PROD-0154,3,Nothing special.
REV-ORD-004972,ORD-004972,PROD-0051,3,Average quality.
REV-ORD-000925,ORD-000925,PROD-0053,4,Excellent quality.
REV-ORD-001896,ORD-001896,PROD-0164,2,Do not buy.
REV-ORD-001652,ORD-001652,PROD-0190,4,Highly recommend.
REV-ORD-004661,ORD-004661,PROD-0181,1,Do not buy.
REV-ORD-000322,ORD-000322,PROD-0059,5,Excellent quality.
REV-ORD-004906,ORD-004906,PROD-0103,2,Arrived broken.
REV-ORD-002037,ORD-002037,PROD-0158,3,Met expectations.
REV-ORD-003373,ORD-003373,PROD-0115,2,Poor quality.
REV-ORD-002382,ORD-002382,PROD-0099,5,Fast shipping and good value.
REV-ORD-002568,ORD-002568,PROD-0021,5,Highly recommend.
REV-ORD-000839,ORD-000839,PROD-0169,3,Nothing special.
REV-ORD-001703,ORD-001703,PROD-0186,3,Met expectations.
REV-ORD-000721,ORD-000721,PROD-0193,2,Arrived broken.
REV-ORD-003340,ORD-003340,PROD-0144,5,Fast shipping and good value.
REV-ORD-004379,ORD-004379,PROD-0054,1,Poor quality.
REV-ORD-001503,ORD-001503,PROD-0055,3,It's okay.
REV-ORD-004218,ORD-004218,PROD-0196,3,Met expectations.
REV-ORD-004102,ORD-004102,PROD-0178,3,Met expectations.
REV-ORD-002117,ORD-002117,PROD-0072,5,Excellent quality.
REV-ORD-000072,ORD-000072,PROD-0012,3,Nothing special.
REV-ORD-001182,ORD-001182,PROD-0093,4,Fast shipping and good value.
REV-ORD-003102,ORD-003102,PROD-0093,4,Highly recommend.
REV-ORD-004068,ORD-004068,PROD-0174,3,Met expectations.
REV-ORD-001193,ORD-001193,PROD-0171,3,Nothing special.
REV-ORD-000467,ORD-000467,PROD-0047,1,Arrived broken.
REV-ORD-002138,ORD-002138,PROD-0107,4,Fast shipping and good value.
REV-ORD-004353,ORD-004353,PROD-0021,4,Great product!
REV-ORD-004112,ORD-004112,PROD-0150,5,Excellent quality.
REV-ORD-000332,ORD-000332,PROD-0156,5,Great product!
REV-ORD-000301,ORD-000301,PROD-0085,5,Fast shipping and good value.
REV-ORD-002098,ORD-002098,PROD-0024,5,Excellent quality.
REV-ORD-002024,ORD-002024,PROD-0102,2,Terrible customer service.
REV-ORD-002411,ORD-002411,PROD-0125,3,Average quality.
REV-ORD-000043,ORD-000043,PROD-0153,3,It's okay.
REV-ORD-003852,ORD-003852,PROD-0028,4,Fast shipping and good value.
REV-ORD-000156,ORD-000156,PROD-0154,5,Great product!
REV-ORD-001199,ORD-001199,PROD-0076,3,It's okay.
REV-ORD-003996,ORD-003996,PROD-0155,3,It's okay.
REV-ORD-002560,ORD-002560,PROD-0045,3,Average quality.
REV-ORD-003737,ORD-003737,PROD-0035,3,Nothing special.
REV-ORD-000968,ORD-000968,PROD-0160,1,Do not buy.
REV-ORD-000631,ORD-000631,PROD-0135,3,Nothing special.
REV-ORD-004196,ORD-004196,PROD-0077,3,It's okay.
REV-ORD-001435,ORD-001435,PROD-0118,4,Fast shipping and good value.
REV-ORD-001724,ORD-001724,PROD-0051,3,Met expectations.
REV-ORD-003083,ORD-003083,PROD-0147,3,Nothing special.
REV-ORD-004536,ORD-004536,PROD-0105,4,Great product!
REV-ORD-000312,ORD-000312,PROD-0089,4,Excellent quality.
REV-ORD-002118,ORD-002118,PROD-0168,4,Highly recommend.
REV-ORD-004376,ORD-004376,PROD-0030,5,Great product!
REV-ORD-004398,ORD-004398,PROD-0200,3,Met expectations.
REV-ORD-003348,ORD-003348,PROD-0036,4,Fast shipping and good value.
REV-ORD-000218,ORD-000218,PROD-0046,2,Terrible customer service.
REV-ORD-003459,ORD-003459,PROD-0160,4,Great product!
REV-ORD-004815,ORD-004815,PROD-0021,1,Arrived broken.
REV-ORD-001884,ORD-001884,PROD-0016,3,Met expectations.
REV-ORD-002133,ORD-002133,PROD-0143,3,Met expectations.
REV-ORD-000153,ORD-000153,PROD-0153,3,Met expectations.
REV-ORD-003052,ORD-003052,PROD-0157,3,Nothing special.
REV-ORD-003667,ORD-003667,PROD-0155,5,Great product!
REV-ORD-000100,ORD-000100,PROD-0062,3,Average quality.
REV-ORD-003712,ORD-003712,PROD-0161,2,Do not buy.
REV-ORD-004337,ORD-004337,PROD-0107,3,Nothing special.
REV-ORD-003400,ORD-003400,PROD-0125,4,Highly recommend.
REV-ORD-004969,ORD-004969,PROD-0012,3,Nothing special.
REV-ORD-003441,ORD-003441,PROD-0020,2,Terrible customer service.
REV-ORD-003604,ORD-003604,PROD-0119,3,It's okay.
REV-ORD-000841,ORD-000841,PROD-0078,4,Great product!
REV-ORD-003255,ORD-003255,PROD-0064,3,Average quality.
REV-ORD-002894,ORD-002894,PROD-0130,5,Fast shipping and good value.
REV-ORD-003919,ORD-003919,PROD-0119,4,Excellent quality.
REV-ORD-000856,ORD-000856,PROD-0187,1,Terrible customer service.
REV-ORD-004636,ORD-004636,PROD-0069,4,Excellent quality.
REV-ORD-002119,ORD-002119,PROD-0177,5,Excellent quality.
REV-ORD-003609,ORD-003609,PROD-0187,2,Arrived broken.
REV-ORD-004552,ORD-004552,PROD-0111,1,Do not buy.
REV-ORD-002312,ORD-002312,PROD-0075,2,Poor quality.
REV-ORD-000654,ORD-000654,PROD-0049,4,Highly recommend.
REV-ORD-001179,ORD-001179,PROD-0070,5,Great product!
REV-ORD-003681,ORD-003681,PROD-0105,2,Poor quality.
REV-ORD-001991,ORD-001991,PROD-0171,3,Nothing special.
REV-ORD-000833,ORD-000833,PROD-0054,4,Great product!
REV-ORD-001315,ORD-001315,PROD-0088,3,Nothing special.
REV-ORD-003335,ORD-003335,PROD-0149,5,Fast shipping and good value.
REV-ORD-003437,ORD-003437,PROD-0109,3,Met expectations.
REV-ORD-004726,ORD-004726,PROD-0018,3,Average quality.
REV-ORD-001768,ORD-001768,PROD-0127,5,Excellent quality.
REV-ORD-004190,ORD-004190,PROD-0107,3,Average quality.
REV-ORD-003138,ORD-003138,PROD-0037,3,Nothing special.
REV-ORD-002402,ORD-002402,PROD-0064,3,Average quality.
REV-ORD-001849,ORD-001849,PROD-0114,1,Terrible customer service.
REV-ORD-002991,ORD-002991,PROD-0065,5,Excellent quality.
REV-ORD-003490,ORD-003490,PROD-0001,4,Fast shipping and good value.
REV-ORD-003558,ORD-003558,PROD-0054,3,Met expectations.
REV-ORD-004416,ORD-004416,PROD-0009,5,Highly recommend.
REV-ORD-001653,ORD-001653,PROD-0091,4,Great product!
REV-ORD-004109,ORD-004109,PROD-0117,3,Nothing special.
REV-ORD-002518,ORD-002518,PROD-0065,3,Met expectations.
REV-ORD-003402,ORD-003402,PROD-0195,4,Fast shipping and good value.
REV-ORD-001888,ORD-001888,PROD-0194,3,Nothing special.
REV-ORD-001829,ORD-001829,PROD-0078,4,Great product!
REV-ORD-004011,ORD-004011,PROD-0145,1,Do not buy.
REV-ORD-002919,ORD-002919,PROD-0109,3,Average quality.
REV-ORD-000221,ORD-000221,PROD-0127,4,Highly recommend.
REV-ORD-000131,ORD-000131,PROD-0126,1,Terrible customer service.
REV-ORD-004187,ORD-004187,PROD-0125,5,Great product!
REV-ORD-003828,ORD-003828,PROD-0168,3,Average quality.
REV-ORD-004203,ORD-004203,PROD-0020,3,Nothing special.
REV-ORD-002203,ORD-002203,PROD-0078,4,Fast shipping and good value.
REV-ORD-002752,ORD-002752,PROD-0117,5,Excellent quality.
REV-ORD-001452,ORD-001452,PROD-0042,5,Excellent quality.
REV-ORD-002833,ORD-002833,PROD-0020,3,It's okay.
REV-ORD-001670,ORD-001670,PROD-0088,3,Average quality.
REV-ORD-000317,ORD-000317,PROD-0105,3,It's okay.
REV-ORD-002893,ORD-002893,PROD-0144,5,Excellent quality.
REV-ORD-001564,ORD-001564,PROD-0070,4,Fast shipping and good value.
REV-ORD-002141,ORD-002141,PROD-0029,1,Do not buy.
REV-ORD-001159,ORD-001159,PROD-0157,1,Arrived broken.
REV-ORD-003692,ORD-003692,PROD-0049,1,Terrible customer service.
REV-ORD-002817,ORD-002817,PROD-0195,3,It's okay.
REV-ORD-004338,ORD-004338,PROD-0078,5,Great product!
REV-ORD-002199,ORD-002199,PROD-0059,3,Average quality.
REV-ORD-003539,ORD-003539,PROD-0059,5,Fast shipping and good value.
REV-ORD-000409,ORD-000409,PROD-0100,4,Excellent quality.
REV-ORD-000121,ORD-000121,PROD-0138,4,Fast shipping and good value.
REV-ORD-004637,ORD-004637,PROD-0056,5,Great product!
REV-ORD-000724,ORD-000724,PROD-0080,4,Highly recommend.
REV-ORD-000776,ORD-000776,PROD-0147,3,Average quality.
REV-ORD-004529,ORD-004529,PROD-0048,4,Highly recommend.
REV-ORD-004541,ORD-004541,PROD-0142,4,Highly recommend.
REV-ORD-004456,ORD-004456,PROD-0118,3,Average quality.
REV-ORD-003204,ORD-003204,PROD-0116,4,Fast shipping and good value.
REV-ORD-003835,ORD-003835,PROD-0008,4,Great product!
REV-ORD-000948,ORD-000948,PROD-0115,3,Met expectations.
REV-ORD-002463,ORD-002463,PROD-0105,3,Nothing special.
REV-ORD-001570,ORD-001570,PROD-0178,3,Nothing special.
REV-ORD-001018,ORD-001018,PROD-0157,5,Fast shipping and good value.
REV-ORD-000434,ORD-000434,PROD-0181,4,Highly recommend.
REV-ORD-000038,ORD-000038,PROD-0196,5,Highly recommend.
REV-ORD-002389,ORD-002389,PROD-0079,3,It's okay.
REV-ORD-004962,ORD-004962,PROD-0130,1,Arrived broken.
REV-ORD-000717,ORD-000717,PROD-0087,4,Excellent quality.
REV-ORD-002099,ORD-002099,PROD-0133,4,Great product!
REV-ORD-000943,ORD-000943,PROD-0063,4,Fast shipping and good value.
REV-ORD-001046,ORD-001046,PROD-0011,4,Fast shipping and good value.
REV-ORD-001651,ORD-001651,PROD-0160,3,It's okay.
REV-ORD-002250,ORD-002250,PROD-0008,2,Poor quality.
REV-ORD-001630,ORD-001630,PROD-0187,3,Average quality.
REV-ORD-004822,ORD-004822,PROD-0015,3,Nothing special.
REV-ORD-001872,ORD-001872,PROD-0067,2,Poor quality.
REV-ORD-001574,ORD-001574,PROD-0134,4,Highly recommend.
REV-ORD-000996,ORD-000996,PROD-0188,5,Great product!
REV-ORD-004069,ORD-004069,PROD-0117,3,Nothing special.
REV-ORD-001056,ORD-001056,PROD-0100,5,Excellent quality.
REV-ORD-002003,ORD-002003,PROD-0103,2,Poor quality.
REV-ORD-000939,ORD-000939,PROD-0095,2,Arrived broken.
REV-ORD-000573,ORD-000573,PROD-0039,3,Met expectations.
REV-ORD-003932,ORD-003932,PROD-0019,3,It's okay.
REV-ORD-002587,ORD-002587,PROD-0153,3,Average quality.
REV-ORD-004327,ORD-004327,PROD-0066,5,Excellent quality.
REV-ORD-001756,ORD-001756,PROD-0128,3,Met expectations.
REV-ORD-003452,ORD-003452,PROD-0060,5,Fast shipping and good value.
REV-ORD-001818,ORD-001818,PROD-0136,3,Average quality.
REV-ORD-001923,ORD-001923,PROD-0018,5,Great product!
REV-ORD-000732,ORD-000732,PROD-0192,2,Poor quality.
REV-ORD-001769,ORD-001769,PROD-0189,5,Excellent quality.
REV-ORD-001831,ORD-001831,PROD-0079,1,Do not buy.
REV-ORD-003172,ORD-003172,PROD-0006,5,Fast shipping and good value.
REV-ORD-001232,ORD-001232,PROD-0195,3,Met expectations.
REV-ORD-000437,ORD-000437,PROD-0006,3,Met expectations.
REV-ORD-000617,ORD-000617,PROD-0099,3,Average quality.
REV-ORD-002575,ORD-002575,PROD-0046,3,Met expectations.
REV-ORD-002288,ORD-002288,PROD-0033,4,Excellent quality.
REV-ORD-000959,ORD-000959,PROD-0135,5,Fast shipping and good value.
REV-ORD-004284,ORD-004284,PROD-0174,4,Excellent quality.
REV-ORD-000336,ORD-000336,PROD-0019,5,Highly recommend.
REV-ORD-000790,ORD-000790,PROD-0049,1,Poor quality.
REV-ORD-004816,ORD-004816,PROD-0165,3,Nothing special.
REV-ORD-001961,ORD-001961,PROD-0122,3,Nothing special.
REV-ORD-002703,ORD-002703,PROD-0149,3,Average quality.
REV-ORD-002314,ORD-002314,PROD-0021,3,Met expectations.
REV-ORD-004740,ORD-004740,PROD-0078,4,Excellent quality.
REV-ORD-000728,ORD-000728,PROD-0169,2,Do not buy.
REV-ORD-001679,ORD-001679,PROD-0099,3,Nothing special.
REV-ORD-002107,ORD-002107,PROD-0055,5,Great product!
REV-ORD-002704,ORD-002704,PROD-0187,3,It's okay.
REV-ORD-003012,ORD-003012,PROD-0186,5,Great product!
REV-ORD-000973,ORD-000973,PROD-0035,2,Arrived broken.
REV-ORD-002710,ORD-002710,PROD-0011,1,Poor quality.
REV-ORD-002399,ORD-002399,PROD-0194,3,It's okay.
REV-ORD-001743,ORD-001743,PROD-0195,3,Nothing special.
REV-ORD-000234,ORD-000234,PROD-0057,3,Nothing special.
REV-ORD-003760,ORD-003760,PROD-0123,1,Poor quality.
REV-ORD-000076,ORD-000076,PROD-0173,3,It's okay.
REV-ORD-004869,ORD-004869,PROD-0159,3,It's okay.
REV-ORD-000416,ORD-000416,PROD-0013,2,Do not buy.
REV-ORD-001058,ORD-001058,PROD-0193,3,Met expectations.
REV-ORD-004691,ORD-004691,PROD-0059,3,Nothing special.
REV-ORD-000457,ORD-000457,PROD-0062,5,Great product!
REV-ORD-000702,ORD-000702,PROD-0076,2,Arrived broken.
REV-ORD-002966,ORD-002966,PROD-0030,3,It's okay.
REV-ORD-003193,ORD-003193,PROD-0056,3,Average quality.
REV-ORD-003250,ORD-003250,PROD-0140,1,Poor quality.
REV-ORD-003129,ORD-003129,PROD-0027,3,It's okay.
REV-ORD-004366,ORD-004366,PROD-0122,1,Arrived broken.
REV-ORD-001816,ORD-001816,PROD-0190,5,Excellent quality.
REV-ORD-003226,ORD-003226,PROD-0053,5,Great product!
REV-ORD-000889,ORD-000889,PROD-0070,4,Highly recommend.
REV-ORD-004920,ORD-004920,PROD-0144,3,It's okay.
REV-ORD-000800,ORD-000800,PROD-0148,1,Poor quality.
REV-ORD-004010,ORD-004010,PROD-0194,3,Nothing special.
REV-ORD-004433,ORD-004433,PROD-0112,2,Poor quality.
REV-ORD-001123,ORD-001123,PROD-0037,3,Met expectations.
REV-ORD-001936,ORD-001936,PROD-0149,2,Terrible customer service.
REV-ORD-000910,ORD-000910,PROD-0161,4,Highly recommend.
REV-ORD-000814,ORD-000814,PROD-0190,1,Do not buy.
REV-ORD-002309,ORD-002309,PROD-0025,2,Arrived broken.
REV-ORD-001256,ORD-001256,PROD-0137,4,Highly recommend.
REV-ORD-001836,ORD-001836,PROD-0189,4,Excellent quality.
REV-ORD-000637,ORD-000637,PROD-0026,3,It's okay.
REV-ORD-002291,ORD-002291,PROD-0038,1,Poor quality.
REV-ORD-001673,ORD-001673,PROD-0182,1,Do not buy.
REV-ORD-002558,ORD-002558,PROD-0122,3,Met expectations.
REV-ORD-004462,ORD-004462,PROD-0167,3,It's okay.
REV-ORD-004524,ORD-004524,PROD-0161,1,Do not buy.
REV-ORD-002653,ORD-002653,PROD-0078,2,Poor quality.
REV-ORD-004718,ORD-004718,PROD-0037,4,Highly recommend.
REV-ORD-001513,ORD-001513,PROD-0114,5,Excellent quality.
REV-ORD-002073,ORD-002073,PROD-0161,5,Excellent quality.
REV-ORD-004470,ORD-004470,PROD-0180,3,Met expectations.
REV-ORD-004695,ORD-004695,PROD-0030,3,Nothing special.
REV-ORD-001550,ORD-001550,PROD-0052,3,Average quality.
REV-ORD-004811,ORD-004811,PROD-0097,5,Great product!
REV-ORD-003445,ORD-003445,PROD-0185,2,Terrible customer service.
REV-ORD-002500,ORD-002500,PROD-0094,1,Poor quality.
REV-ORD-002479,ORD-002479,PROD-0047,5,Highly recommend.
REV-ORD-001584,ORD-001584,PROD-0006,3,Nothing special.
REV-ORD-004473,ORD-004473,PROD-0170,5,Highly recommend.
REV-ORD-004348,ORD-004348,PROD-0162,3,Average quality.
REV-ORD-003492,ORD-003492,PROD-0048,2,Arrived broken.
REV-ORD-001126,ORD-001126,PROD-0018,3,It's okay.
REV-ORD-001340,ORD-001340,PROD-0009,3,Met expectations.
REV-ORD-002829,ORD-002829,PROD-0087,5,Excellent quality.
REV-ORD-002247,ORD-002247,PROD-0187,4,Excellent quality.
REV-ORD-002633,ORD-002633,PROD-0192,3,Nothing special.
REV-ORD-004910,ORD-004910,PROD-0149,5,Highly recommend.
REV-ORD-004599,ORD-004599,PROD-0175,4,Fast shipping and good value.
REV-ORD-004171,ORD-004171,PROD-0069,3,It's okay.
REV-ORD-001566,ORD-001566,PROD-0117,3,Average quality.
REV-ORD-001903,ORD-001903,PROD-0098,3,Nothing special.
REV-ORD-002076,ORD-002076,PROD-0170,5,Highly recommend.
REV-ORD-000942,ORD-000942,PROD-0049,3,Nothing special.
REV-ORD-003763,ORD-003763,PROD-0096,5,Fast shipping and good value.
REV-ORD-004952,ORD-004952,PROD-0054,3,Average quality.
REV-ORD-002952,ORD-002952,PROD-0058,5,Highly recommend.
REV-ORD-004930,ORD-004930,PROD-0036,3,Nothing special.
REV-ORD-003189,ORD-003189,PROD-0104,2,Arrived broken.
REV-ORD-004049,ORD-004049,PROD-0021,1,Terrible customer service.
REV-ORD-003668,ORD-003668,PROD-0149,3,Met expectations.
REV-ORD-003727,ORD-003727,PROD-0150,3,Average quality.
REV-ORD-002663,ORD-002663,PROD-0133,3,Met expectations.
REV-ORD-003640,ORD-003640,PROD-0165,5,Highly recommend.
REV-ORD-002586,ORD-002586,PROD-0121,4,Excellent quality.
REV-ORD-001395,ORD-001395,PROD-0198,3,Average quality.
REV-ORD-002906,ORD-002906,PROD-0019,3,Average quality.
REV-ORD-001332,ORD-001332,PROD-0024,3,Nothing special.
REV-ORD-004708,ORD-004708,PROD-0200,3,It's okay.
REV-ORD-004744,ORD-004744,PROD-0094,3,It's okay.
REV-ORD-003686,ORD-003686,PROD-0088,3,Met expectations.
REV-ORD-000663,ORD-000663,PROD-0084,3,Nothing special.
REV-ORD-003636,ORD-003636,PROD-0052,3,Met expectations.
REV-ORD-004352,ORD-004352,PROD-0144,4,Fast shipping and good value.
REV-ORD-004057,ORD-004057,PROD-0160,1,Poor quality.
REV-ORD-000489,ORD-000489,PROD-0021,1,Terrible customer service.
REV-ORD-002718,ORD-002718,PROD-0160,1,Poor quality.
REV-ORD-004872,ORD-004872,PROD-0122,3,Met expectations.
REV-ORD-002028,ORD-002028,PROD-0049,3,Nothing special.
REV-ORD-000115,ORD-000115,PROD-0084,1,Poor quality.
REV-ORD-000878,ORD-000878,PROD-0158,5,Fast shipping and good value.
REV-ORD-002705,ORD-002705,PROD-0152,4,Highly recommend.
REV-ORD-003993,ORD-003993,PROD-0130,3,Average quality.
REV-ORD-000246,ORD-000246,PROD-0016,3,It's okay.
REV-ORD-002959,ORD-002959,PROD-0063,1,Do not buy.
REV-ORD-003920,ORD-003920,PROD-0100,3,Met expectations.
REV-ORD-001192,ORD-001192,PROD-0184,3,Average quality.
REV-ORD-001399,ORD-001399,PROD-0178,5,Fast shipping and good value.
REV-ORD-004073,ORD-004073,PROD-0110,2,Arrived broken.
REV-ORD-004621,ORD-004621,PROD-0031,4,Fast shipping and good value.
REV-ORD-000453,ORD-000453,PROD-0054,5,Excellent quality.
REV-ORD-002228,ORD-002228,PROD-0125,4,Highly recommend.
REV-ORD-002336,ORD-002336,PROD-0123,3,Nothing special.
REV-ORD-001133,ORD-001133,PROD-0010,2,Poor quality.
REV-ORD-001912,ORD-001912,PROD-0118,3,Average quality.
REV-ORD-004903,ORD-004903,PROD-0038,3,It's okay.
REV-ORD-000548,ORD-000548,PROD-0105,4,Highly recommend.
REV-ORD-003322,ORD-003322,PROD-0009,5,Excellent quality.
REV-ORD-001209,ORD-001209,PROD-0140,3,It's okay.
REV-ORD-004079,ORD-004079,PROD-0200,5,Great product!
REV-ORD-001108,ORD-001108,PROD-0056,3,Met expectations.
REV-ORD-001497,ORD-001497,PROD-0125,3,Met expectations.
REV-ORD-004712,ORD-004712,PROD-0131,4,Great product!
REV-ORD-001909,ORD-001909,PROD-0104,4,Highly recommend.
REV-ORD-004929,ORD-004929,PROD-0030,3,It's okay.
REV-ORD-002641,ORD-002641,PROD-0005,1,Do not buy.
REV-ORD-000583,ORD-000583,PROD-0171,4,Great product!
REV-ORD-002004,ORD-002004,PROD-0160,1,Do not buy.
REV-ORD-001347,ORD-001347,PROD-0141,4,Fast shipping and good value.
REV-ORD-003836,ORD-003836,PROD-0051,5,Fast shipping and good value.
REV-ORD-000976,ORD-000976,PROD-0176,4,Excellent quality.
REV-ORD-000678,ORD-000678,PROD-0103,3,It's okay.
REV-ORD-001893,ORD-001893,PROD-0059,3,Average quality.
REV-ORD-002756,ORD-002756,PROD-0035,1,Poor quality.
REV-ORD-000599,ORD-000599,PROD-0117,5,Highly recommend.
REV-ORD-000726,ORD-000726,PROD-0123,2,Poor quality.
REV-ORD-003862,ORD-003862,PROD-0029,1,Do not buy.
REV-ORD-003044,ORD-003044,PROD-0053,3,It's okay.
REV-ORD-004290,ORD-004290,PROD-0024,4,Excellent quality.
REV-ORD-004566,ORD-004566,PROD-0043,4,Great product!
REV-ORD-003766,ORD-003766,PROD-0019,2,Terrible customer service.
REV-ORD-004838,ORD-004838,PROD-0130,5,Great product!
REV-ORD-001004,ORD-001004,PROD-0006,4,Great product!
REV-ORD-001430,ORD-001430,PROD-0113,3,Met expectations.
REV-ORD-003658,ORD-003658,PROD-0013,1,Do not buy.
REV-ORD-000410,ORD-000410,PROD-0062,3,Average quality.
REV-ORD-002134,ORD-002134,PROD-0161,3,Average quality.
REV-ORD-001354,ORD-001354,PROD-0038,4,Highly recommend.
REV-ORD-002691,ORD-002691,PROD-0169,3,It's okay.
REV-ORD-000436,ORD-000436,PROD-0151,3,Nothing special.
REV-ORD-004963,ORD-004963,PROD-0169,3,It's okay.
REV-ORD-001840,ORD-001840,PROD-0160,3,It's okay.
REV-ORD-001529,ORD-001529,PROD-0135,3,Nothing special.
REV-ORD-002786,ORD-002786,PROD-0017,2,Terrible customer service.
REV-ORD-002340,ORD-002340,PROD-0168,1,Terrible customer service.
REV-ORD-003695,ORD-003695,PROD-0112,1,Poor quality.
REV-ORD-003576,ORD-003576,PROD-0112,3,Average quality.
REV-ORD-004342,ORD-004342,PROD-0138,4,Highly recommend.
REV-ORD-000388,ORD-000388,PROD-0111,3,Nothing special.
REV-ORD-004343,ORD-004343,PROD-0163,4,Highly recommend.
REV-ORD-001526,ORD-001526,PROD-0069,4,Excellent quality.
REV-ORD-003361,ORD-003361,PROD-0092,1,Terrible customer service.
REV-ORD-004388,ORD-004388,PROD-0047,5,Excellent quality.
REV-ORD-002629,ORD-002629,PROD-0073,2,Poor quality.
REV-ORD-003351,ORD-003351,PROD-0180,4,Fast shipping and good value.
REV-ORD-004315,ORD-004315,PROD-0188,3,Average quality.
REV-ORD-001047,ORD-001047,PROD-0004,3,Average quality.
REV-ORD-003141,ORD-003141,PROD-0096,4,Great product!
REV-ORD-001143,ORD-001143,PROD-0139,3,It's okay.
REV-ORD-001832,ORD-001832,PROD-0022,2,Do not buy.
REV-ORD-002530,ORD-002530,PROD-0064,4,Fast shipping and good value.
REV-ORD-004119,ORD-004119,PROD-0047,2,Arrived broken.
REV-ORD-000065,ORD-000065,PROD-0121,3,Met expectations.
REV-ORD-002304,ORD-002304,PROD-0068,2,Poor quality.
REV-ORD-002812,ORD-002812,PROD-0097,1,Poor quality.
REV-ORD-004070,ORD-004070,PROD-0070,4,Excellent quality.
REV-ORD-003951,ORD-003951,PROD-0074,2,Arrived broken.
REV-ORD-004997,ORD-004997,PROD-0173,3,Nothing special.
REV-ORD-000656,ORD-000656,PROD-0130,3,Average quality.
REV-ORD-002988,ORD-002988,PROD-0108,3,Average quality.
REV-ORD-004056,ORD-004056,PROD-0074,2,Do not buy.
REV-ORD-004722,ORD-004722,PROD-0125,4,Highly recommend.
REV-ORD-004568,ORD-004568,PROD-0074,5,Fast shipping and good value.
REV-ORD-002112,ORD-002112,PROD-0085,4,Fast shipping and good value.
REV-ORD-002993,ORD-002993,PROD-0039,3,Average quality.
REV-ORD-000205,ORD-000205,PROD-0159,3,Average quality.
REV-ORD-000960,ORD-000960,PROD-0079,3,Average quality.
REV-ORD-003868,ORD-003868,PROD-0158,3,Met expectations.
REV-ORD-003781,ORD-003781,PROD-0034,4,Excellent quality.
REV-ORD-001532,ORD-001532,PROD-0174,2,Terrible customer service.
REV-ORD-004394,ORD-004394,PROD-0059,3,Nothing special.
REV-ORD-001976,ORD-001976,PROD-0132,3,Average quality.
REV-ORD-001419,ORD-001419,PROD-0106,5,Highly recommend.
REV-ORD-001021,ORD-001021,PROD-0050,4,Fast shipping and good value.
REV-ORD-000706,ORD-000706,PROD-0174,4,Fast shipping and good value.
REV-ORD-004698,ORD-004698,PROD-0020,2,Arrived broken.
REV-ORD-004038,ORD-004038,PROD-0106,5,Fast shipping and good value.
REV-ORD-004307,ORD-004307,PROD-0045,3,Average quality.
REV-ORD-002379,ORD-002379,PROD-0126,3,It's okay.
REV-ORD-000859,ORD-000859,PROD-0027,3,It's okay.
REV-ORD-004478,ORD-004478,PROD-0028,2,Poor quality.
REV-ORD-001476,ORD-001476,PROD-0062,4,Fast shipping and good value.
REV-ORD-001504,ORD-001504,PROD-0105,3,Nothing special.
REV-ORD-001918,ORD-001918,PROD-0194,5,Great product!
REV-ORD-004526,ORD-004526,PROD-0180,5,Great product!
REV-ORD-004577,ORD-004577,PROD-0185,4,Fast shipping and good value.
REV-ORD-004755,ORD-004755,PROD-0164,3,It's okay.
REV-ORD-003544,ORD-003544,PROD-0187,4,Fast shipping and good value.
REV-ORD-003061,ORD-003061,PROD-0123,1,Poor quality.
REV-ORD-003590,ORD-003590,PROD-0140,3,Met expectations.
REV-ORD-003360,ORD-003360,PROD-0170,1,Poor quality.
REV-ORD-004298,ORD-004298,PROD-0193,3,Met expectations.
REV-ORD-002965,ORD-002965,PROD-0040,1,Arrived broken.
REV-ORD-003181,ORD-003181,PROD-0074,1,Do not buy.
REV-ORD-000669,ORD-000669,PROD-0097,2,Terrible customer service.
REV-ORD-003981,ORD-003981,PROD-0104,3,Met expectations.
REV-ORD-000995,ORD-000995,PROD-0109,3,Average quality.
REV-ORD-000598,ORD-000598,PROD-0001,5,Great product!
REV-ORD-003271,ORD-003271,PROD-0162,1,Poor quality.
REV-ORD-001617,ORD-001617,PROD-0050,5,Fast shipping and good value.
REV-ORD-000196,ORD-000196,PROD-0149,4,Highly recommend.
REV-ORD-000161,ORD-000161,PROD-0150,3,It's okay.
REV-ORD-000720,ORD-000720,PROD-0056,4,Excellent quality.
REV-ORD-001548,ORD-001548,PROD-0097,5,Highly recommend.
REV-ORD-003266,ORD-003266,PROD-0028,3,Nothing special.
REV-ORD-000423,ORD-000423,PROD-0017,4,Highly recommend.
REV-ORD-001420,ORD-001420,PROD-0028,4,Fast shipping and good value.
REV-ORD-002597,ORD-002597,PROD-0073,3,Average quality.
REV-ORD-001214,ORD-001214,PROD-0077,4,Fast shipping and good value.
REV-ORD-001495,ORD-001495,PROD-0200,3,It's okay.
REV-ORD-003220,ORD-003220,PROD-0037,1,Poor quality.
REV-ORD-002338,ORD-002338,PROD-0025,2,Poor quality.
REV-ORD-001427,ORD-001427,PROD-0178,5,Highly recommend.
REV-ORD-002715,ORD-002715,PROD-0110,3,Average quality.
REV-ORD-003177,ORD-003177,PROD-0031,4,Great product!
REV-ORD-003910,ORD-003910,PROD-0107,5,Excellent quality.
REV-ORD-001115,ORD-001115,PROD-0063,3,Nothing special.
REV-ORD-002877,ORD-002877,PROD-0133,5,Highly recommend.
REV-ORD-000338,ORD-000338,PROD-0180,3,Met expectations.
REV-ORD-001946,ORD-001946,PROD-0117,1,Poor quality.
REV-ORD-000850,ORD-000850,PROD-0057,3,Average quality.
REV-ORD-000373,ORD-000373,PROD-0163,3,It's okay.
REV-ORD-004193,ORD-004193,PROD-0162,4,Fast shipping and good value.
REV-ORD-004820,ORD-004820,PROD-0113,3,It's okay.
REV-ORD-003105,ORD-003105,PROD-0178,4,Highly recommend.
REV-ORD-000306,ORD-000306,PROD-0194,5,Excellent quality.
REV-ORD-002369,ORD-002369,PROD-0169,4,Fast shipping and good value.
REV-ORD-000354,ORD-000354,PROD-0006,3,It's okay.
REV-ORD-003626,ORD-003626,PROD-0187,3,Average quality.
REV-ORD-002758,ORD-002758,PROD-0163,3,Average quality.
REV-ORD-003685,ORD-003685,PROD-0009,5,Excellent quality.
REV-ORD-001810,ORD-001810,PROD-0135,4,Excellent quality.
REV-ORD-001394,ORD-001394,PROD-0058,1,Terrible customer service.
REV-ORD-000665,ORD-000665,PROD-0025,5,Great product!
REV-ORD-002513,ORD-002513,PROD-0161,5,Highly recommend.
REV-ORD-003300,ORD-003300,PROD-0106,3,Nothing special.
REV-ORD-003308,ORD-003308,PROD-0144,1,Poor quality.
REV-ORD-004066,ORD-004066,PROD-0141,3,Nothing special.
REV-ORD-000028,ORD-000028,PROD-0088,3,Met expectations.
REV-ORD-003647,ORD-003647,PROD-0053,3,Average quality.
REV-ORD-001088,ORD-001088,PROD-0072,3,It's okay.
REV-ORD-001337,ORD-001337,PROD-0061,2,Arrived broken.
REV-ORD-004018,ORD-004018,PROD-0017,3,It's okay.
REV-ORD-000602,ORD-000602,PROD-0194,5,Great product!
REV-ORD-001964,ORD-001964,PROD-0142,3,It's okay.
REV-ORD-004144,ORD-004144,PROD-0118,1,Poor quality.
REV-ORD-004736,ORD-004736,PROD-0187,3,Met expectations.
REV-ORD-002220,ORD-002220,PROD-0153,3,Nothing special.
REV-ORD-000812,ORD-000812,PROD-0057,4,Fast shipping and good value.
REV-ORD-004705,ORD-004705,PROD-0030,3,Average quality.
REV-ORD-002994,ORD-002994,PROD-0187,3,Nothing special.
REV-ORD-002608,ORD-002608,PROD-0104,4,Excellent quality.
REV-ORD-000707,ORD-000707,PROD-0023,4,Excellent quality.
REV-ORD-001290,ORD-001290,PROD-0147,4,Highly recommend.
REV-ORD-001890,ORD-001890,PROD-0192,4,Highly recommend.
REV-ORD-004881,ORD-004881,PROD-0005,3,It's okay.
REV-ORD-000819,ORD-000819,PROD-0173,5,Great product!
REV-ORD-002899,ORD-002899,PROD-0171,3,Met expectations.
REV-ORD-002106,ORD-002106,PROD-0039,3,Average quality.
REV-ORD-002607,ORD-002607,PROD-0094,3,Nothing special.
REV-ORD-001438,ORD-001438,PROD-0192,5,Excellent quality.
REV-ORD-002921,ORD-002921,PROD-0152,3,Average quality.
REV-ORD-000277,ORD-000277,PROD-0082,4,Fast shipping and good value.
REV-ORD-003536,ORD-003536,PROD-0012,2,Terrible customer service.
REV-ORD-000257,ORD-000257,PROD-0111,2,Arrived broken.
REV-ORD-002471,ORD-002471,PROD-0100,3,It's okay.
REV-ORD-001274,ORD-001274,PROD-0187,3,Met expectations.
REV-ORD-001500,ORD-001500,PROD-0023,3,Met expectations.
REV-ORD-000387,ORD-000387,PROD-0022,5,Excellent quality.
REV-ORD-002495,ORD-002495,PROD-0192,3,Met expectations.
REV-ORD-004410,ORD-004410,PROD-0108,5,Highly recommend.
REV-ORD-001009,ORD-001009,PROD-0025,3,Met expectations.
REV-ORD-000887,ORD-000887,PROD-0079,1,Arrived broken.
REV-ORD-003736,ORD-003736,PROD-0054,5,Highly recommend.
REV-ORD-003721,ORD-003721,PROD-0127,4,Fast shipping and good value.
REV-ORD-001698,ORD-001698,PROD-0138,2,Do not buy.
REV-ORD-004644,ORD-004644,PROD-0100,4,Highly recommend.
REV-ORD-001707,ORD-001707,PROD-0132,1,Terrible customer service.
REV-ORD-000314,ORD-000314,PROD-0023,3,Met expectations.
REV-ORD-001868,ORD-001868,PROD-0161,5,Highly recommend.
REV-ORD-003026,ORD-003026,PROD-0131,3,Nothing special.
REV-ORD-000658,ORD-000658,PROD-0084,3,Met expectations.
REV-ORD-004497,ORD-004497,PROD-0161,3,It's okay.
REV-ORD-004444,ORD-004444,PROD-0100,3,Met expectations.
REV-ORD-000432,ORD-000432,PROD-0117,4,Highly recommend.
REV-ORD-003148,ORD-003148,PROD-0076,1,Arrived broken.
REV-ORD-004233,ORD-004233,PROD-0170,3,Average quality.
REV-ORD-000494,ORD-000494,PROD-0065,3,Average quality.
REV-ORD-001775,ORD-001775,PROD-0001,1,Poor quality.
REV-ORD-000318,ORD-000318,PROD-0116,3,It's okay.
REV-ORD-000664,ORD-000664,PROD-0143,1,Arrived broken.
REV-ORD-001788,ORD-001788,PROD-0149,3,Met expectations.
REV-ORD-000197,ORD-000197,PROD-0067,3,Nothing special.
REV-ORD-001796,ORD-001796,PROD-0179,1,Poor quality.
REV-ORD-001915,ORD-001915,PROD-0087,1,Arrived broken.
REV-ORD-003383,ORD-003383,PROD-0097,5,Fast shipping and good value.
REV-ORD-002182,ORD-002182,PROD-0104,1,Arrived broken.
REV-ORD-001781,ORD-001781,PROD-0059,5,Excellent quality.
REV-ORD-000016,ORD-000016,PROD-0060,4,Excellent quality.
REV-ORD-002290,ORD-002290,PROD-0144,3,Average quality.
REV-ORD-001603,ORD-001603,PROD-0051,2,Arrived broken.
REV-ORD-002115,ORD-002115,PROD-0165,3,Average quality.
REV-ORD-004165,ORD-004165,PROD-0033,5,Highly recommend.
REV-ORD-004323,ORD-004323,PROD-0061,1,Poor quality.
REV-ORD-002701,ORD-002701,PROD-0078,5,Fast shipping and good value.
REV-ORD-004063,ORD-004063,PROD-0029,4,Excellent quality.
REV-ORD-000220,ORD-000220,PROD-0004,3,Average quality.
REV-ORD-003316,ORD-003316,PROD-0172,3,Average quality.
REV-ORD-002973,ORD-002973,PROD-0046,5,Great product!
REV-ORD-000311,ORD-000311,PROD-0077,4,Excellent quality.
REV-ORD-004268,ORD-004268,PROD-0180,5,Highly recommend.
REV-ORD-003513,ORD-003513,PROD-0090,4,Great product!
REV-ORD-000101,ORD-000101,PROD-0146,5,Fast shipping and good value.
REV-ORD-004965,ORD-004965,PROD-0148,5,Excellent quality.
REV-ORD-004686,ORD-004686,PROD-0046,1,Terrible customer service.
REV-ORD-004672,ORD-004672,PROD-0050,5,Great product!
REV-ORD-000697,ORD-000697,PROD-0138,1,Poor quality.
REV-ORD-000628,ORD-000628,PROD-0170,5,Fast shipping and good value.
REV-ORD-003808,ORD-003808,PROD-0120,3,Nothing special.
REV-ORD-001082,ORD-001082,PROD-0015,4,Highly recommend.
REV-ORD-000355,ORD-000355,PROD-0028,1,Poor quality.
REV-ORD-002932,ORD-002932,PROD-0055,3,Nothing special.
REV-ORD-000321,ORD-000321,PROD-0138,2,Terrible customer service.
REV-ORD-001149,ORD-001149,PROD-0123,3,Met expectations.
REV-ORD-000641,ORD-000641,PROD-0041,1,Terrible customer service.
REV-ORD-001252,ORD-001252,PROD-0098,2,Arrived broken.
REV-ORD-004096,ORD-004096,PROD-0086,1,Terrible customer service.
REV-ORD-003484,ORD-003484,PROD-0105,5,Excellent quality.
REV-ORD-002908,ORD-002908,PROD-0195,3,Nothing special.
REV-ORD-003832,ORD-003832,PROD-0041,2,Arrived broken.
REV-ORD-000382,ORD-000382,PROD-0176,4,Great product!
REV-ORD-002783,ORD-002783,PROD-0070,1,Terrible customer service.
REV-ORD-004924,ORD-004924,PROD-0161,4,Highly recommend.
REV-ORD-002785,ORD-002785,PROD-0129,4,Highly recommend.
REV-ORD-004241,ORD-004241,PROD-0012,2,Do not buy.
REV-ORD-001793,ORD-001793,PROD-0018,3,Nothing special.
REV-ORD-003267,ORD-003267,PROD-0033,3,Met expectations.
REV-ORD-002394,ORD-002394,PROD-0066,2,Do not buy.
REV-ORD-001156,ORD-001156,PROD-0079,1,Terrible customer service.
REV-ORD-002049,ORD-002049,PROD-0069,3,It's okay.
REV-ORD-002069,ORD-002069,PROD-0102,5,Highly recommend.
REV-ORD-004873,ORD-004873,PROD-0121,4,Great product!
REV-ORD-001844,ORD-001844,PROD-0177,2,Poor quality.
REV-ORD-004673,ORD-004673,PROD-0174,5,Highly recommend.
REV-ORD-002681,ORD-002681,PROD-0084,5,Excellent quality.
REV-ORD-001194,ORD-001194,PROD-0194,2,Arrived broken.
REV-ORD-002374,ORD-002374,PROD-0012,5,Great product!
REV-ORD-004700,ORD-004700,PROD-0194,5,Highly recommend.
REV-ORD-001323,ORD-001323,PROD-0063,5,Excellent quality.
REV-ORD-000610,ORD-000610,PROD-0139,3,Met expectations.
REV-ORD-004914,ORD-004914,PROD-0179,3,Average quality.
REV-ORD-004291,ORD-004291,PROD-0138,5,Fast shipping and good value.
REV-ORD-001611,ORD-001611,PROD-0177,5,Excellent quality.
REV-ORD-001479,ORD-001479,PROD-0190,3,Average quality.
REV-ORD-001766,ORD-001766,PROD-0169,3,Met expectations.
REV-ORD-004220,ORD-004220,PROD-0166,2,Do not buy.
REV-ORD-003350,ORD-003350,PROD-0029,4,Excellent quality.
REV-ORD-004553,ORD-004553,PROD-0122,3,Met expectations.
REV-ORD-001819,ORD-001819,PROD-0141,3,Nothing special.
REV-ORD-002144,ORD-002144,PROD-0151,3,Nothing special.
REV-ORD-001164,ORD-001164,PROD-0036,3,Average quality.
REV-ORD-002456,ORD-002456,PROD-0096,4,Great product!
REV-ORD-000162,ORD-000162,PROD-0174,4,Fast shipping and good value.
REV-ORD-000478,ORD-000478,PROD-0127,5,Highly recommend.
REV-ORD-003069,ORD-003069,PROD-0182,3,Met expectations.
REV-ORD-000091,ORD-000091,PROD-0021,4,Fast shipping and good value.
REV-ORD-003557,ORD-003557,PROD-0092,3,Met expectations.
REV-ORD-001469,ORD-001469,PROD-0153,3,Average quality.
REV-ORD-002176,ORD-002176,PROD-0065,4,Highly recommend.
REV-ORD-003470,ORD-003470,PROD-0107,3,Average quality.
REV-ORD-003088,ORD-003088,PROD-0077,3,Average quality.
REV-ORD-003985,ORD-003985,PROD-0132,4,Highly recommend.
REV-ORD-001425,ORD-001425,PROD-0060,5,Fast shipping and good value.
REV-ORD-000249,ORD-000249,PROD-0038,3,It's okay.
REV-ORD-003072,ORD-003072,PROD-0027,3,Average quality.
REV-ORD-004286,ORD-004286,PROD-0152,5,Highly recommend.
REV-ORD-001166,ORD-001166,PROD-0072,3,Average quality.
REV-ORD-003869,ORD-003869,PROD-0092,4,Fast shipping and good value.
REV-ORD-004570,ORD-004570,PROD-0064,1,Arrived broken.
REV-ORD-002657,ORD-002657,PROD-0056,2,Arrived broken.
REV-ORD-000445,ORD-000445,PROD-0137,4,Fast shipping and good value.
REV-ORD-004936,ORD-004936,PROD-0010,4,Great product!
REV-ORD-000468,ORD-000468,PROD-0033,5,Excellent quality.
REV-ORD-001100,ORD-001100,PROD-0061,2,Terrible customer service.
